sample_id,split,sample_kind,primary,crit,haste,mastery,versatility,total_secondary,simc_dps,simc_median_dps,simc_stddev,simc_mean_stddev,simc_mean_error,simc_iterations,simc_relative_mean_error
train-0000,train,dr-edge-crit,2097,2926,270,79,395,3670,268068.71432895656,268148.319228352,14064.545719489464,710.3668323256593,1392.293407787282,50,0.005193792984282193
train-0001,train,lhs,1834,888,812,695,232,2627,261449.32584942543,261463.63100777616,14358.180052321513,725.1976057495685,1421.3611895739032,50,0.005436469132043191
train-0002,train,lhs,1669,1893,483,898,277,3551,273938.18005811813,274359.80649577355,14314.993108155762,723.0163356725452,1417.0859787804873,50,0.005173013774421081
train-0003,train,lhs,2177,395,640,619,1959,3613,294996.681224818,294831.69841559726,17277.297333954662,872.6352932439715,1710.3337471549025,50,0.00579780674160009
train-0004,train,lhs,1935,565,1827,717,235,3344,257000.81639523982,256353.41820893827,13805.484799025919,697.2822799256448,1366.6481563180582,50,0.005317680213965933
train-0005,train,lhs,1918,1532,313,1508,309,3662,307261.9717747249,307904.61993081885,18136.528822261273,916.0330369575868,1795.391761881593,50,0.005843195470990206
train-0006,train,lhs,1757,2300,57,392,424,3173,246785.12096830574,246669.26534852275,13738.763983865832,693.9123698652169,1360.0432539655524,50,0.005511042353887376
train-0007,train,lhs,2149,895,309,1844,406,3454,299278.81844643,298541.4764645141,18425.02681335744,930.6043859477866,1823.9510811212087,50,0.006094487710788962
train-0008,train,dr-edge-haste,2075,181,2851,325,411,3768,245121.58268433652,245187.40875722078,12609.85320738623,636.8937651935528,1248.288842310824,50,0.00509252930174798
train-0009,train,lhs,1778,309,1170,1139,8,2626,255220.59538116888,255673.40982223515,15089.092759708752,762.1142723102068,1493.7165264941025,50,0.005852648859561098
train-0010,train,lhs,2196,822,478,89,1384,2773,267640.1401912028,266035.5795431922,17694.069909788996,893.685487142903,1751.591369082682,50,0.006544576489279002
train-0011,train,lhs,1710,1398,232,1909,333,3872,288915.32927268697,288213.1389290978,17879.3541198833,903.0437529575084,1769.9332330451916,50,0.006126131270018821
train-0012,train,lhs,2011,1153,1695,26,243,3117,253830.1971047434,253191.27416391365,13270.72835715803,670.2730009022181,1313.7109421602822,50,0.005175550258183732
train-0013,train,lhs,2106,18,38,1638,987,2681,259407.28770938888,259534.38510357062,16644.250580622764,840.6616038090348,1647.666467381778,50,0.006351658359065226
train-0014,train,lhs,1826,260,602,597,1511,2970,253541.3165969758,253072.37839403734,14826.319790594147,748.8422331406739,1467.703807708882,50,0.005788815122554225
train-0015,train,lhs,2006,547,54,1635,664,2900,266367.31493925967,266183.97973291465,17245.734182267992,871.0411133444526,1707.2092119655827,50,0.006409229346907226
train-0016,train,dr-edge-mastery,1717,225,484,2033,105,2847,243979.07817297874,244453.43619659115,15825.086645400761,799.2875771305394,1566.5748651605807,50,0.006420939356324212
train-0017,train,lhs,1848,99,281,89,3248,3717,239954.29230111232,239029.50285471557,16139.630509274979,815.1744413538306,1597.7125468793124,50,0.006658403696627293
train-0018,train,lhs,2042,203,419,808,1876,3306,273416.3028874394,273786.87474614545,16916.252215373384,854.3997609823199,1674.5927606673035,50,0.006124699745342924
train-0019,train,lhs,1912,2805,62,493,421,3781,267051.7056556308,266971.5429295114,14147.513722237221,714.5573492802623,1400.5066700985492,50,0.005244327747917605
train-0020,train,lhs,1818,184,1060,571,1348,3163,263448.1508168382,263580.19248789106,15880.924548161081,802.1078171083292,1572.102433947259,50,0.005967407359181883
train-0021,train,lhs,2120,992,426,1073,158,2649,282934.6055145624,283165.20643316914,16280.293867328142,822.2790138069638,1611.6372530191816,50,0.0056961475252847145
train-0022,train,lhs,1721,1553,192,196,813,2754,239516.7061502968,239488.78242751566,13592.162201182215,686.5078616745295,1345.53068458214,50,0.005617690332372136
train-0023,train,lhs,2071,1417,480,994,477,3368,303863.2058280968,304669.4604009861,17176.69483844363,867.5540999025328,1700.3747912027832,50,0.005595856156946915
train-0024,train,dr-edge-versatility,2299,104,438,290,2858,3690,280174.2369034739,280429.6629720773,18218.618889113743,920.1792114532609,1803.5181145703352,50,0.0064371304603273935
train-0025,train,lhs,2167,870,141,671,1353,3035,281449.47498104186,282048.2635747838,17865.21920061576,902.3298317242511,1768.5339731395886,50,0.006283664139926768
train-0026,train,lhs,1836,1016,319,758,1089,3182,274744.08148591925,274091.35277164675,17544.818424352772,886.1471487533231,1736.81649732928,50,0.006321579296398028
train-0027,train,lhs,1775,2020,328,1206,120,3674,287008.89864593686,286272.59764973086,14954.096036597606,755.2959081423601,1480.3527782857204,50,0.005157863694365553
train-0028,train,lhs,2200,483,644,1080,831,3038,300363.0991338879,299138.7009568179,18949.358633661068,957.0871420712566,1875.8563293575764,50,0.006245295559829761
train-0029,train,lhs,2164,487,362,2704,231,3784,297153.29639099713,296891.6525430301,18042.94357799783,911.3062683263239,1786.1274655969573,50,0.0060107947220843
train-0030,train,lhs,2080,933,626,720,1496,3775,316568.40941457386,315515.6758136852,19339.484605919424,976.7914792498908,1914.4761205840528,50,0.0060475905480413235
train-0031,train,lhs,1954,582,472,1394,1449,3897,314084.6626123352,313185.7153977063,19546.018675171326,987.2230250294673,1934.9215746241666,50,0.006160509585316426
train-0032,train,dr-edge-crit,1753,2352,179,174,248,2953,234310.4320779649,235314.60285043766,13287.179940067206,671.103931319099,1315.3395358517496,50,0.005613661859554256
train-0033,train,lhs,1629,709,1888,155,832,3584,242837.9972839284,242797.48045769546,15067.81066964166,761.0393644384736,1491.609745777873,50,0.006142406717486924
train-0034,train,lhs,2111,379,1196,152,992,2719,247671.31748141817,247395.37930261166,13883.345925499221,701.2148606770803,1374.3558729605838,50,0.005549111972013862
train-0035,train,lhs,1760,1017,1570,328,820,3735,267600.464773771,267642.8207716392,13859.68302866978,700.0197039048935,1372.0134087301803,50,0.005127096508931994
train-0036,train,lhs,1824,93,494,2639,663,3889,278454.94714442035,279633.37354503444,16996.516472204974,858.4537181460709,1682.5383707066458,50,0.00604240789384862
train-0037,train,lhs,2282,257,978,1429,161,2825,290660.33744302916,291392.0757008375,17462.10355421787,881.9694169263691,1728.628293407754,50,0.0059472451887130065
train-0038,train,lhs,1876,1753,407,913,213,3286,280052.9479379562,279771.86123847007,15876.688740143456,801.8938764959673,1571.6831180520135,50,0.005612092747547899
train-0039,train,lhs,2275,974,1507,718,243,3442,293354.4554096886,294041.9370607997,15710.470253326628,793.4985751254854,1555.2286297192152,50,0.005301534035156334
train-0040,train,dr-edge-haste,2236,106,2030,450,270,2856,240053.93151551575,239764.598870811,12902.787460875079,651.689179270966,1277.2873210517655,50,0.0053208348348554695
train-0041,train,lhs,1775,1764,1342,100,250,3456,270295.3585578619,270112.1036472068,13853.198853760317,699.6922036156876,1371.3715199581256,50,0.00507360365814257
train-0042,train,lhs,1822,1200,718,264,653,2835,260624.36530906742,260356.80752735733,13408.800541807395,677.2466993349901,1327.3791399336178,50,0.005093073851170878
train-0043,train,lhs,1622,1152,163,2259,46,3620,268781.7911954879,268794.2559260459,15804.265977154382,798.2359745801215,1564.5137620347975,50,0.0058207580025274475
train-0044,train,lhs,1957,816,659,2003,256,3734,304185.75228434784,304772.37780886923,16583.515875294015,837.5940379525116,1641.6541487801226,50,0.005396880479942832
train-0045,train,lhs,1853,1637,1293,96,383,3409,275126.67383544426,274695.6465848428,14026.194372184646,708.429796772311,1388.4968878642626,50,0.005046754894782521
train-0046,train,lhs,2158,120,2108,38,339,2605,222201.9634442938,222040.26154601522,12366.738052783901,624.6145955915155,1224.2221121201035,50,0.005509501775518815
train-0047,train,lhs,2122,331,1031,2100,73,3535,303154.13715829514,302777.43501453067,17810.489279145546,899.5655532524372,1763.1160868891923,50,0.005815906401331949
train-0048,train,dr-edge-mastery,1927,133,492,2226,220,3071,257048.93868378998,256597.85687534887,15293.33144980157,772.4298839348703,1513.9347537659082,50,0.005889675178267445
train-0049,train,lhs,2142,1292,361,164,1205,3022,282861.2984497743,283028.01327119,16067.059742094338,811.5090640974491,1590.528539463868,50,0.005622998084859202
train-0050,train,lhs,1610,2663,24,847,298,3832,257784.1040876812,257246.04101760444,14605.828863245622,737.7057595750845,1445.8767205958686,50,0.005608866868315808
train-0051,train,lhs,1983,1417,1051,130,983,3581,298509.83551271167,298766.0967726997,15704.71080027807,793.2076788178739,1554.6584834328082,50,0.005208064520763857
train-0052,train,lhs,1815,1042,1205,107,976,3330,261767.5850081655,261496.82609687414,14428.30376250504,728.7393879633352,1428.3029551570476,50,0.005456378241456036
train-0053,train,lhs,1968,369,1113,1283,76,2841,274050.40688982443,273472.66557733243,15761.478666883824,796.074889062904,1560.2781122516626,50,0.005693398269169278
train-0054,train,lhs,1644,1152,1251,370,193,2966,241376.7208440794,240815.60964369393,13880.950860874644,701.093891645836,1374.1187780159953,50,0.0056928388670240745
train-0055,train,lhs,1733,898,197,421,1893,3409,256301.31363645132,256431.42970265535,17630.143347810626,890.4567081805567,1745.2630785996373,50,0.006809419170887249
train-0056,train,dr-edge-versatility,1804,303,80,431,2883,3697,246003.7150600625,244872.06392690417,16005.072458442384,808.3782334819041,1584.392224212984,50,0.006440521533693709
train-0057,train,lhs,1892,243,609,756,2152,3760,279368.9002335973,278447.1720934969,17816.22624500866,899.8553137856688,1763.6840070987191,50,0.0063131007267594776
train-0058,train,lhs,2248,469,689,506,1267,2931,282663.14836667065,281943.6859280001,17522.8297784755,885.036554424114,1734.6397724416308,50,0.006136773691459263
train-0059,train,lhs,2155,735,1827,53,218,2833,245078.58848952653,244545.14225389113,13186.655848860235,666.0266979930229,1305.3883413871226,50,0.005326407131004464
train-0060,train,lhs,2290,1584,394,875,131,2984,297796.4096387992,297464.28199159785,16633.55233594908,840.1212608550666,1646.6074146522308,50,0.0055293057987147
train-0061,train,lhs,1614,383,1280,892,880,3435,251285.52902367548,250534.9140686109,14986.159197138559,756.9153423027016,1483.5268109167307,50,0.005903749478454673
train-0062,train,lhs,1685,386,796,285,1447,2914,243438.28171621737,242310.06158683298,14986.950391724708,756.9553036639232,1483.605133745533,50,0.006094378925476528
train-0063,train,lhs,1790,24,107,1856,1014,3001,252360.83266399417,252175.90925580537,15985.54122334628,807.3917571403753,1582.4587661111298,50,0.006270619530797374
train-0064,train,dr-edge-crit,2266,2605,150,251,73,3079,267752.6909602501,268160.5633612625,14975.999277473478,756.4021888675952,1482.5210486649335,50,0.005536904384968534
train-0065,train,lhs,1762,604,903,28,1223,2758,244872.59598087336,244256.91688078188,14765.973890987892,745.7943049386464,1461.729978202796,50,0.005969348968379334
train-0066,train,lhs,1933,80,463,1963,1065,3571,286621.84008837456,286706.2288966317,17338.127459685526,875.7076785585945,1716.3555117208625,50,0.005988223057920694
train-0067,train,lhs,2053,21,787,1513,838,3159,288544.8920712493,289930.9275553443,16281.285706028873,822.3291092263303,1611.7354382369738,50,0.0055857354696786455
train-0068,train,lhs,1796,1107,1049,710,266,3132,277864.1490146402,277402.3306912835,15005.531992768189,757.8938162427196,1485.4445845998273,50,0.005345938257481218
train-0069,train,lhs,2050,304,2108,780,33,3225,251828.01282648506,252309.44049538084,13177.707118593164,665.5747188605333,1304.5024785652865,50,0.005180132519506941
train-0070,train,lhs,1708,32,1091,351,1470,2944,242658.64740270106,241121.89400484558,14460.952809788236,730.3884138728514,1431.5349865507055,50,0.005899377590179261
train-0071,train,lhs,1712,459,1805,128,668,3060,227142.13908187186,226710.59790470303,12666.273963608408,639.7434437167225,1253.87410958623,50,0.005520217933380821
train-0072,train,dr-edge-haste,2118,110,2555,281,169,3115,228820.02791479338,227920.17284039225,12216.554794169555,617.0291955495943,1209.355001223019,50,0.00528517985179755
train-0073,train,lhs,2184,1042,555,269,1679,3545,300779.0307675142,301608.04068598826,19443.984816336288,982.0695369228325,1924.8209235359295,50,0.006399451845510172
train-0074,train,lhs,2055,947,1427,1106,69,3549,294017.17280142923,294234.41138816695,16298.575624539966,823.2023819852842,1613.4470213939621,50,0.005487594503480373
train-0075,train,lhs,1725,998,505,558,1639,3700,281118.77852062107,280966.8215773872,16088.259903480208,812.5798339458919,1592.6272098034774,50,0.0056653177642014135
train-0076,train,lhs,1674,100,178,2025,939,3242,249670.30652738173,249336.4662557456,15756.60029908128,795.8284942804539,1559.7951873518678,50,0.006247419683368725
train-0077,train,lhs,1665,1674,1044,375,660,3753,282551.9553731599,282530.3942277451,15025.983145153881,758.9267554237912,1487.4691081938452,50,0.005264409181771114
train-0078,train,lhs,1980,693,660,258,1283,2894,265397.45872756775,264863.38849234406,16498.33625629811,833.2918175088765,1633.221951653308,50,0.006153871855004539
train-0079,train,lhs,2289,1479,1050,821,511,3861,345031.32046834554,344435.8803148569,16551.71336692856,835.9877687150864,1638.5059189238991,50,0.00474886139814725
train-0080,train,dr-edge-mastery,1601,295,214,2452,299,3260,237100.81411094568,237234.00453572485,15287.457527060144,772.1332060346825,1513.3532757662733,50,0.006382741794628068
train-0081,train,lhs,2226,211,1597,1020,406,3234,269748.15844618424,269557.5937982401,14411.278757683825,727.8794953662771,1426.617596635494,50,0.005288701894586277
train-0082,train,lhs,1726,1199,1363,29,346,2937,237738.61024633053,237863.80701748576,13465.333988365217,680.1020695796246,1332.9755627781096,50,0.005606895579127682
train-0083,train,lhs,1691,338,727,579,1444,3088,251945.225201814,252085.52958567682,15891.762245772617,802.6552034992983,1573.1752915596614,50,0.006244116316550597
train-0084,train,lhs,2255,2083,628,347,470,3528,304074.8887581468,303591.516535374,15537.491775951288,784.761842671812,1538.1049487598623,50,0.005058309665232602
train-0085,train,lhs,1631,115,1664,176,758,2713,211003.63518136417,210690.3761389195,11615.463339071986,586.6694924058243,1149.851076453525,50,0.005449437283225914
train-0086,train,lhs,1903,1637,67,1152,175,3031,267770.9851406492,268278.1953930463,15132.231922976975,764.2931290874692,1497.987007306901,50,0.0055942842594393465
train-0087,train,lhs,2143,113,1460,487,1391,3451,274042.5393937365,273635.6415104567,14505.998785627475,732.6635792286437,1435.9942287089084,50,0.005240041315796278
train-0088,train,dr-edge-versatility,1867,430,137,455,2573,3595,253808.13456075432,252858.22321447663,17842.99135390325,901.2071559284233,1766.333569012476,50,0.006959326075459835
train-0089,train,lhs,2220,460,520,159,1982,3121,269450.4168747605,269188.8410491106,17182.702027679235,867.8575087771305,1700.9694616698482,50,0.006312736426236267
train-0090,train,lhs,1758,509,216,1122,1354,3201,263379.37266110774,263578.3364039284,16093.414152429508,812.8401628304614,1593.1374450415954,50,0.006048831497110055
train-0091,train,lhs,2243,1092,820,406,1066,3384,316798.51912598,316639.28139598074,16078.373400786772,812.080490153267,1591.648513953595,50,0.005024166521815876
train-0092,train,lhs,2223,142,127,1613,791,2673,265081.5166559525,265053.2224492692,17435.221351915126,880.611660673405,1725.9671400509806,50,0.006511080673689903
train-0093,train,lhs,2168,706,1059,328,715,2808,263958.249727504,263557.4512303297,15001.103487220664,757.6701429353498,1485.006192972885,50,0.005625913168108684
train-0094,train,lhs,2110,67,944,1496,432,2939,281093.26629580837,279891.60737233463,16363.402793131436,826.4766484507236,1619.8644657448554,50,0.005762729527786666
train-0095,train,lhs,1940,1034,1270,519,425,3248,269814.28327858244,268775.57422443456,14497.183318066722,732.218330879248,1435.12155797953,50,0.005318923596412319
train-0096,train,dr-edge-crit,1728,3133,198,87,304,3722,238676.72670742375,237908.40736320752,13390.64223975635,676.3295665839095,1325.5815927716608,50,0.005553878717285216
train-0097,train,lhs,2128,1068,426,314,1724,3532,296409.42259040073,295904.16583222966,17909.739049085154,904.578423634973,1772.9411323024851,50,0.005981392618386694
train-0098,train,lhs,2241,1042,1210,294,848,3394,294436.78074836824,293617.44348359306,15957.429633639624,805.9719074466959,1579.6759118468244,50,0.005365076699425158
train-0099,train,lhs,1660,72,1639,237,673,2621,210268.42019490947,209753.92450525024,11458.504928422988,578.7418955105264,1134.3132720479018,50,0.005394596444851033
train-0100,train,lhs,1649,608,189,1396,915,3108,256430.9955071865,257683.76280884398,16625.734064032167,839.7263784915231,1645.8334594412124,50,0.006418231369363021
train-0101,train,lhs,1941,1387,448,60,1926,3821,291091.48505813535,292490.42610914883,18415.316946413077,930.113963607731,1822.9898709970598,50,0.00626260115658478
train-0102,train,lhs,2263,217,1623,331,538,2709,244401.08275393472,244344.7143780805,13070.054776965793,660.1374545194386,1293.8456362775933,50,0.0052939439616977845
train-0103,train,lhs,2064,477,2,1706,1068,3253,283553.66741358273,283102.6494864017,19115.040233327094,965.4553265456624,1892.2576695506696,50,0.006673366939002345
train-0104,train,dr-edge-haste,1751,222,2670,617,333,3842,235471.4972147097,235897.9852188891,12701.981749364522,641.5469592488157,1257.408935076258,50,0.005339962373151755
train-0105,train,lhs,1877,854,99,1099,874,2926,268779.3522087965,268839.0180248535,16619.582377946124,839.4156714238678,1645.2244847785962,50,0.006121096993717481
train-0106,train,lhs,1850,747,1610,248,834,3439,257870.79574340384,257764.04947365168,14916.28745505038,753.3862863995681,1476.6099884440946,50,0.005726162143282816
train-0107,train,lhs,2119,813,1741,1292,35,3881,306700.84112354607,305824.95222726994,17106.85949131643,864.0268822225215,1693.4615715812636,50,0.005521541986574138
train-0108,train,lhs,1635,585,1525,408,1311,3829,260291.72660648366,258737.36615908786,14700.703891042493,742.4976721122579,1455.268696589958,50,0.005590914146841378
train-0109,train,lhs,2100,532,658,1428,170,2788,278811.5781869423,277522.29994723044,19058.08209065008,962.5785059077548,1886.6192047078896,50,0.006766645836504383
train-0110,train,lhs,1949,53,144,567,1952,2716,238018.67611437239,238357.28154782497,15102.666988784626,762.7998744122732,1495.0602819224732,50,0.0062812729922254885
train-0111,train,lhs,2274,118,2041,825,729,3713,280947.7522075087,281668.8686382714,14788.977378835323,746.9561565277793,1464.0071654738865,50,0.005210958813411567
train-0112,train,dr-edge-mastery,1632,211,82,2042,330,2665,224207.92522067326,224734.93984481625,14542.10964990467,734.4874533004231,1439.568956203517,50,0.006420687202678688
train-0113,train,lhs,2001,732,384,320,1824,3260,270410.3199348401,269374.58107319375,16833.105532172918,850.2002193020185,1666.3618102186892,50,0.006162345470469571
train-0114,train,lhs,1796,255,2457,506,273,3491,230746.32489786472,230053.34361713825,13082.967421605481,660.7896415614226,1295.1238993916322,50,0.005612760679785011
train-0115,train,lhs,1900,1012,355,1169,165,2701,267029.61712503573,267213.9483239193,16221.09940717437,819.2892420795773,1605.7774081089103,50,0.006013480547204658
train-0116,train,lhs,1809,777,1912,494,133,3316,249136.9838030141,249562.93132661234,13277.494460439153,670.6147407245246,1314.380739904383,50,0.0052757351391218114
train-0117,train,lhs,2090,431,1226,639,568,2864,256292.3308378716,255791.06787203622,15025.309247309848,758.8927184426952,1487.4023969367252,50,0.005803538451869024
train-0118,train,lhs,1841,970,114,1091,968,3143,278065.13981087203,277304.00166998827,17409.967810582843,879.336164221617,1723.4672129419591,50,0.0061980700425597664
train-0119,train,lhs,1951,212,840,1833,487,3372,282493.74265593995,282801.8303688189,17876.892974680897,902.9194463530724,1769.6895965773485,50,0.006264526711066736
train-0120,train,dr-edge-versatility,1734,525,70,349,2302,3246,240295.80874535767,239941.91667118855,15638.49898680744,789.8634772250354,1548.1039687508976,50,0.006442492596245942
train-0121,train,lhs,1805,466,676,1236,690,3068,273280.23361926223,273345.12627110264,15541.46047856715,784.9622924241113,1538.497823055253,50,0.0056297442470673136
train-0122,train,lhs,1612,1553,200,1204,247,3204,257693.87532801754,258013.5701619776,15150.446769287159,765.2131177549121,1499.7901519620732,50,0.005820045781270494
train-0123,train,lhs,1828,986,2248,370,104,3708,260300.59465444984,259797.3914255837,14219.937923022346,718.2153238157752,1407.6761684476971,50,0.00540788687139341
train-0124,train,lhs,1715,2442,47,72,438,2999,230887.15580846643,230206.98414366398,13585.1511546265,686.1537503486181,1344.8366391365282,50,0.005824648991094784
train-0125,train,lhs,1923,90,438,2641,169,3338,259927.9343048489,260167.28407214626,15561.760034505769,785.9875748283451,1540.5073396424248,50,0.005926670958865413
train-0126,train,lhs,2061,474,156,2275,118,3023,265565.70651283936,264530.6008886524,17494.68778335475,883.6151690251138,1731.8539082502045,50,0.006521376313949912
train-0127,train,lhs,1621,93,362,997,2051,3503,252326.1962462801,252441.55430038925,16075.981559952615,811.9596839480276,1591.4117381421122,50,0.006306962026997914
train-0128,train,dr-edge-crit,2137,2381,37,224,239,2881,252633.60942062608,252969.4363125987,14027.345516796582,708.4879383552557,1388.6108432728888,50,0.0054965404106660275
train-0129,train,lhs,2279,673,547,1117,899,3236,315624.42688167235,317224.822476021,20233.34381314473,1021.938186882394,2002.9620416035434,50,0.006346029872885771
train-0130,train,lhs,2180,505,783,365,981,2634,269197.90025158576,268191.2953017092,16263.31808384058,821.4216072626773,1609.956767071526,50,0.005980569557068981
train-0131,train,lhs,2224,1512,185,444,618,2759,275350.23650478735,274762.5575264387,16054.867327262718,810.8932541541293,1589.3215741531044,50,0.00577200003285805
train-0132,train,lhs,1698,83,1397,713,861,3054,237633.15326434586,237953.90657906377,13087.146912225367,661.0007377156531,1295.5376402513823,50,0.005451838779457727
train-0133,train,lhs,1931,833,854,1673,401,3761,309626.71676709346,309224.26687960647,17888.84630492727,903.5231807012847,1770.872894156599,50,0.005719380138273662
train-0134,train,lhs,2249,2,340,2361,95,2798,262629.7074027917,262791.9474732937,16782.01402581945,847.6197085446205,1661.304102070229,50,0.006325651878834517
train-0135,train,lhs,2086,1182,968,482,242,2874,283013.08456942067,283764.4475069159,15326.234064148883,774.0917169151382,1517.191886556998,50,0.0053608542123247446
train-0136,train,dr-edge-haste,1787,261,2601,311,259,3432,226261.11725962948,225867.56863725328,12310.83093876697,621.7908599173769,1218.6876918944777,50,0.0053862002745087715
train-0137,train,lhs,1862,393,996,190,1226,2805,251013.40660128856,250513.09707880285,14909.846805271047,753.0609844614098,1475.9724083609206,50,0.005880054090917006
train-0138,train,lhs,2169,577,179,2757,86,3599,289445.7342181611,289319.7736596437,18636.297351113117,941.275159512927,1844.865413005337,50,0.006373786844669214
train-0139,train,lhs,1925,1228,559,176,1164,3127,276602.3242985669,277315.1809468565,15853.573977709504,800.7264046914985,1569.3949153612743,50,0.005673831264220528
train-0140,train,lhs,2040,559,382,1933,645,3519,292044.5072142435,292249.40183127014,18558.604541313318,937.3510800372932,1837.1743585572126,50,0.006290734162685222
train-0141,train,lhs,2206,434,530,1734,918,3616,314804.4283378667,315033.94976787956,19741.169622092904,997.0796363096975,1954.240177751593,50,0.006207791256526376
train-0142,train,lhs,1747,1083,360,28,1699,3170,254469.8425918123,253811.92427338642,15409.462609569613,778.2953932619447,1525.4309408030538,50,0.00599454507169226
train-0143,train,lhs,1939,2012,309,722,563,3606,285869.1790537142,285964.654039758,17077.35942812676,862.5369040277467,1690.5412679804604,50,0.005913688469587732
train-0144,train,dr-edge-mastery,1851,103,143,2440,329,3015,243477.8184326042,243789.25384646092,15088.644400128644,762.0916267316707,1493.672141975743,50,0.006134736016575566
train-0145,train,lhs,2087,1020,527,233,1487,3267,285595.7516563436,285418.8079144392,17914.059683045678,904.796648604438,1773.3688453833536,50,0.006209367033993007
train-0146,train,lhs,1914,776,1287,554,985,3602,279567.2392909998,278805.2561898327,15838.713019812294,799.9758129697809,1567.9237826189617,50,0.005608395985864852
train-0147,train,lhs,2181,1139,106,502,922,2669,273906.205476545,273749.7477933181,15778.344129239904,796.9267235486062,1561.9476771651682,50,0.005702491020412169
train-0148,train,lhs,1780,112,1225,505,1902,3744,273496.4599613584,273017.24092214665,16696.049066592255,843.2778224293365,1652.7941616555256,50,0.0060432012973368815
train-0149,train,lhs,2044,1160,1563,184,196,3103,261014.67448539686,261884.53087419592,13773.573091393146,695.6704952923322,1363.48911648453,50,0.005223802528239898
train-0150,train,lhs,2008,571,382,1970,399,3322,280910.75695148244,281788.33700650383,18245.777120763894,921.5509092936079,1806.2065929362784,50,0.006429823523092203
train-0151,train,lhs,1740,447,162,123,2140,2872,226374.20691175593,225690.854370259,15470.924268432685,781.3996758165913,1531.5152228106942,50,0.006765413974073918
train-0152,train,dr-edge-versatility,2131,60,309,176,2997,3542,254796.9400408715,253953.2408610748,16632.831985920646,840.084877684357,1646.5361049479652,50,0.006462150231018659
train-0153,train,lhs,2237,1675,22,986,472,3155,294014.9762982647,294884.2036610052,16501.64454985984,833.458911566852,1633.5494499891156,50,0.00555600762435977
train-0154,train,lhs,1937,2657,291,40,754,3742,271122.93947354285,271319.4414568648,15715.372342676743,793.7461680270175,1555.713902889261,50,0.0057380386399988595
train-0155,train,lhs,1647,359,341,1754,1338,3792,277739.96226421517,277683.8904828865,17005.167842703162,858.8906783422013,1683.3947969541186,50,0.006061046394730544
train-0156,train,lhs,1661,627,261,344,2357,3589,248569.17319636678,248751.65419985016,16477.88465006284,832.2588554049395,1631.1973831312991,50,0.006562347865407558
train-0157,train,lhs,2198,4,248,2105,1106,3463,293575.0005012552,293322.1438971789,17920.039115038562,905.0986555265674,1773.9607680740714,50,0.006042615226246033
train-0158,train,lhs,2209,1273,915,1113,590,3891,354379.2395862284,353971.89643100725,19755.342178298684,997.7954584954016,1955.6431634555295,50,0.005518503752474128
train-0159,train,lhs,2173,279,21,58,2259,2617,236192.39028075844,235073.05591802686,16431.767636885023,829.9295944945036,1626.6321156342242,50,0.006886894678108259
train-0160,train,dr-edge-crit,1865,2256,573,334,132,3295,266638.65727560176,266706.84132643935,13827.096049244297,698.3738128955973,1368.7875216280515,50,0.005133492403591172
train-0161,train,lhs,1792,391,887,780,947,3005,263421.8167558913,262333.33749467187,16316.486036634047,824.106994402825,1615.2200291530955,50,0.006131686619752887
train-0162,train,lhs,1857,1596,401,4,1648,3649,284217.0474833324,282372.90735033364,17161.495712965414,866.7864281386935,1698.8701821930429,50,0.005977369046776377
train-0163,train,lhs,1807,378,44,487,2494,3403,244657.16230901293,243433.47344674324,16208.798279906974,818.6679413290764,1604.5596810138209,50,0.006558400603809793
train-0164,train,lhs,1681,678,278,813,1070,2839,247868.27381714195,247743.07289613408,17050.071462010506,861.1586536073472,1687.8399467936026,50,0.006809423089131449
train-0165,train,lhs,2229,2714,898,114,119,3845,300478.7469793037,300405.63456145447,14804.883767405105,747.7595504721994,1465.5817886710456,50,0.004877489018456242
train-0166,train,lhs,2245,1057,469,1622,563,3711,329624.62798413873,329027.07051111845,21910.68251406001,1106.6565847226675,2169.007050272021,50,0.0065802335933964
train-0167,train,lhs,1840,1406,675,530,789,3400,285797.7277338938,287571.2463289844,16716.48951259204,844.3102208562599,1654.817625390888,50,0.0057901706864922605
train-0168,train,dr-edge-haste,2053,305,2006,123,293,2727,225094.93074381803,223796.368660797,12486.281707968994,630.65246196503,1236.0561127609033,50,0.005491265879139973
train-0169,train,lhs,1603,197,901,962,1128,3188,256961.15580826462,257216.4085703626,15732.143659026155,794.5932474213099,1557.374147994856,50,0.006060737635990842
train-0170,train,lhs,1816,492,2672,36,135,3335,223839.90616945378,223737.72615183113,11496.079265872164,580.6396861397338,1138.0328733329948,50,0.005084137555309143
train-0171,train,lhs,1772,255,671,97,2259,3282,243102.33845579997,243500.45812273,15126.619996621992,764.009684003103,1497.4314651497018,50,0.006159675281864718
train-0172,train,lhs,2278,1090,359,726,520,2695,286051.9386835587,284844.10189141764,15495.821653902774,782.6571836808567,1533.979892936023,50,0.005362592192157692
train-0173,train,lhs,2083,73,2312,563,907,3855,266918.18709358247,265536.5017855415,15210.887864467692,768.265854059519,1505.773405176053,50,0.005641329358527838
train-0174,train,lhs,1868,341,2673,357,42,3413,232948.61868245227,231907.39565889645,12261.981025659921,619.3235667160649,1213.8518860784618,50,0.005210813839309105
train-0175,train,lhs,2159,892,85,1021,1670,3668,308128.93987368915,306381.33851136465,20200.679384358744,1020.2883840896685,1999.7284875467744,50,0.0064899080507222736
train-0176,train,dr-edge-mastery,2284,147,170,2793,187,3297,272151.59701877297,272840.3167483374,17868.083529435793,902.4745021765507,1768.8175220158487,50,0.0064993832165307335
train-0177,train,lhs,2022,349,1415,91,1616,3471,275509.2515509802,276279.91346298886,17496.486250370745,883.7060053267388,1732.0319441299573,50,0.006286656198946054
train-0178,train,lhs,1653,1599,345,1232,305,3481,276964.68265730486,277165.4847645211,15656.44182127133,790.7697272195442,1549.880186101912,50,0.005595948809183069
train-0179,train,lhs,2163,183,2824,371,92,3470,243123.34422335398,243670.80868127535,13206.243195101693,667.0160083753647,1307.3273541069036,50,0.005377218540173915
train-0180,train,lhs,2105,1620,749,54,933,3356,292171.37681689294,291988.0819529394,16522.47251659617,834.5108827466796,1635.611275615266,50,0.0055981229011366224
train-0181,train,lhs,1905,629,317,1996,158,3100,267793.59406937496,267046.3498296351,15795.91440807675,797.8141566423827,1563.68701406843,50,0.005839150183941066
train-0182,train,lhs,2108,816,1280,741,538,3375,286082.66645918693,285246.7597445234,15632.127652936022,789.541676268915,1547.4732504664316,50,0.005409182141719156
train-0183,train,lhs,1745,327,1028,2051,286,3692,277729.2071593084,277513.89475161204,16059.318289483514,811.1180616947813,1589.7621888364306,50,0.005724144770717349
train-0184,train,dr-edge-versatility,1872,289,141,373,2282,3085,239907.8176502672,240690.91372511498,14820.120571705545,748.5291253039461,1467.0901276253462,50,0.006115224347395134
train-0185,train,lhs,1859,2136,1007,386,37,3566,286302.8227559412,286768.85160038463,16059.499144920273,811.1271962737633,1589.780092282257,50,0.00555279223927689
train-0186,train,lhs,2035,867,368,133,1986,3354,272188.8184332586,271520.84148916166,17692.33093303122,893.5976555530638,1751.4192223298157,50,0.006434574470807176
train-0187,train,lhs,2046,30,1370,364,1215,2979,252107.1524157384,251836.33636882433,13745.34010328543,694.2445140534663,1360.6942446124842,50,0.00539728536685316
train-0188,train,lhs,2021,411,708,772,889,2780,278143.9904809179,277668.37582046125,17318.30472542238,874.7064792857994,1714.3931972039668,50,0.00616368951290207
train-0189,train,lhs,1703,1876,337,201,746,3160,251527.25934333468,252000.501405314,14061.153091863702,710.1954787542153,1391.9575609584804,50,0.0055340226923812595
train-0190,train,lhs,1651,434,310,1718,588,3050,247983.68736671473,248098.8727749065,15389.717977817527,777.2981387616638,1523.4763578982165,50,0.006143453926650108
train-0191,train,lhs,1843,108,2418,173,177,2876,210354.64773398865,209695.97502875447,11153.830401590925,563.353508083544,1104.1525868974975,50,0.005249004948508637
train-0192,train,dr-edge-crit,1810,1942,261,420,166,2789,246379.18324694363,245947.12636726894,14381.036132142654,726.3520121090593,1423.623784463032,50,0.0057781820919348805
train-0193,train,lhs,1967,2111,20,823,733,3687,289033.49024925695,288874.97654350003,15793.095538508524,797.6717822290276,1563.4079653458105,50,0.005409089320402135
train-0194,train,lhs,1693,2394,303,562,335,3594,260086.3660216677,259168.88115986623,14577.38503469155,736.2691292855493,1443.0609769680323,50,0.005548391478728306
train-0195,train,lhs,1916,104,591,1989,54,2738,254451.57440754242,253550.93687687782,15227.50685888604,769.1052400344987,1507.4185714568705,50,0.005924186458530272
train-0196,train,lhs,1975,594,1187,1080,646,3507,304418.6600751722,303873.8167067763,19481.02926627872,983.9405641913769,1928.4880695979944,50,0.006334986393809695
train-0197,train,lhs,2191,207,112,1968,1039,3326,285801.1353220827,285171.2455836054,18967.633862945055,958.0101805394313,1877.665451512346,50,0.006569832024622004
train-0198,train,lhs,1977,1070,1940,310,318,3638,271015.400527586,270158.71608614956,14030.321474182274,708.6382469015374,1388.9054426103003,50,0.005124821098382293
train-0199,train,lhs,2230,219,1648,338,1068,3273,266090.21858408034,266285.0805376811,14954.640049246722,755.3233849304487,1480.406631800809,50,0.005563551488958711
train-0200,train,dr-edge-haste,1910,231,2312,137,90,2770,216673.5828015512,216235.1609189875,11674.261148242445,589.639230233206,1155.6716556412996,50,0.0053336989248927765
train-0201,train,lhs,2074,811,821,450,834,2916,281619.71739007067,281248.39054482325,17159.811558849124,866.701365510394,1698.7034625050715,50,0.006031905287910655
train-0202,train,lhs,2185,184,2814,280,345,3623,245627.5479536481,246370.58174520024,12569.4135296698,634.8512530262467,1244.2855920231448,50,0.0050657412101754624
train-0203,train,lhs,1738,1423,385,602,334,2744,251046.8296418144,250455.33673283402,13869.334819961201,700.5071929815192,1372.9688697636468,50,0.005468975137915722
train-0204,train,lhs,1971,138,321,894,1338,2691,252969.52202902106,251766.66356040802,16277.929775818457,822.1596091542606,1611.4032242001929,50,0.006369950068590991
train-0205,train,lhs,2134,549,2298,118,398,3363,249645.03021869325,249708.66792443622,12898.982377507908,651.4969935386869,1276.910643937989,50,0.005114905122763284
train-0206,train,lhs,1767,419,15,3125,161,3720,251744.70464618152,251604.81922004346,15485.305853355872,782.1260555468339,1532.9389009217007,50,0.006089259764475258
train-0207,train,lhs,1666,1048,320,1029,488,2885,258036.12361094565,256903.6354305593,15489.634170086527,782.3446685547888,1533.3673745440342,50,0.0059424523709555145
train-0208,train,dr-edge-mastery,2066,291,246,2044,82,2663,255912.24530108666,255006.77883150123,15427.86346469898,779.224776793488,1527.2524990535107,50,0.005967875813276004
train-0209,train,lhs,1689,464,2630,460,90,3644,233632.5910846684,233893.34537673357,12950.940840001234,654.1212921936196,1282.0541747886143,50,0.005487480016535869
train-0210,train,lhs,2178,907,66,60,2832,3865,278472.7451370966,278116.8019834926,18242.247561102442,921.3726396099496,1805.857190776618,50,0.006484861525272663
train-0211,train,lhs,1671,242,227,1784,871,3124,249352.35307161053,247655.16645287568,17447.567212165908,881.2352207807556,1727.1892954041255,50,0.006926701409182614
train-0212,train,lhs,2240,593,224,2373,187,3377,290643.51476571464,290363.0428084965,17568.011544324385,887.3185782110945,1739.1124568779592,50,0.00598366166291322
train-0213,train,lhs,1920,177,1449,2226,10,3862,295328.4426194492,294999.4342309266,16053.22907705275,810.8105100232187,1589.1593986365156,50,0.005380990007400863
train-0214,train,lhs,2012,2655,266,329,326,3576,268817.51984905754,269697.909530436,14838.637653996197,749.4643791936252,1468.9231915663308,50,0.005464387858317936
train-0215,train,lhs,2014,311,1202,1554,141,3208,285633.11199664365,285438.54169313825,16673.153181512713,842.1214056006927,1650.527626319263,50,0.005778488406969629
train-0216,train,dr-edge-versatility,2216,225,237,178,1989,2629,244256.55186709008,244478.01586117523,15889.169907765441,802.5242706575838,1572.9186679053937,50,0.006439617098833372
train-0217,train,lhs,2048,1353,1810,695,17,3875,301449.47935801547,300773.0152821532,14976.141636485334,756.4093790834985,1482.5351412291511,50,0.0049180219000093985
train-0218,train,lhs,1649,171,1769,1229,248,3417,239950.068074689,238922.24808472864,12862.148955412775,649.6366247859887,1273.2643881831207,50,0.005306372273196409
train-0219,train,lhs,1676,467,1088,602,989,3146,247825.20710552533,247440.53955609925,14394.129970345388,727.0133508079816,1424.919984495077,50,0.005749697543431642
train-0220,train,lhs,1784,1099,406,312,1471,3288,269053.3967655797,269860.35158968234,17215.024713421375,869.4900509395897,1704.1691855129295,50,0.006333944138968573
train-0221,train,lhs,1920,1088,867,210,863,3028,275714.322422526,274629.9643679333,15643.019111447727,790.0917779953892,1548.5514300386321,50,0.005616507029567771
train-0222,train,lhs,2024,117,1015,1671,154,2957,270561.3852913754,271775.65146807453,16035.96170692664,809.938376129688,1587.450047614741,50,0.005867245416063973
train-0223,train,lhs,1696,810,617,369,1073,2869,250380.7446303302,249367.42814526934,15338.482033126083,774.7103327665341,1518.404351346537,50,0.006064381482642987
train-0224,train,dr-edge-crit,1721,2812,361,187,368,3728,251881.2676955642,252158.64942553375,12999.26819213883,656.5621920802828,1286.8382506584626,50,0.005108908107504831
train-0225,train,lhs,1846,215,1173,408,926,2722,234286.40048399032,233998.68548093823,13126.5751633884,662.9921651276321,1299.4407662584172,50,0.005546377269760533
train-0226,train,lhs,2150,236,1378,65,1611,3290,275118.1774087768,274329.72962427896,15893.846824270708,802.7604906130065,1573.3816505106572,50,0.00571893018967224
train-0227,train,lhs,1871,783,2424,302,143,3652,250394.78127993236,250052.71764205667,13682.777710744647,691.084636052549,1354.5009975324003,50,0.005409461773159389
train-0228,train,lhs,2038,58,1239,685,992,2974,257017.32242434108,257419.8076684453,14354.91060498839,725.0324737224269,1421.037536747868,50,0.005528956271677691
train-0229,train,lhs,2068,694,53,23,3098,3868,263521.361413808,263773.0349544222,17584.489192696587,888.1508251326653,1740.7436308712054,50,0.006605702177356745
train-0230,train,lhs,1956,928,335,1820,274,3357,287773.55404614075,288188.49914725835,17155.803472414053,866.4989265748353,1698.306689482132,50,0.005901538433965446
train-0231,train,lhs,1893,276,2005,830,698,3809,262924.27901590447,262630.35256415163,14384.982109979446,726.5513140866883,1424.0144091614056,50,0.005416062809000861
train-0232,train,dr-edge-haste,1627,193,2339,87,145,2764,199346.18743389277,198988.4038374165,10992.527444103132,555.2064784360394,1088.18470220033,50,0.005458768568429201
train-0233,train,lhs,1684,1155,564,956,297,2972,263813.16917588416,262549.44989200024,14580.631878327697,736.4331196535901,1443.3823921833462,50,0.005471229494313241
train-0234,train,lhs,2192,274,425,1889,54,2642,268710.2991343095,267729.0159146034,18718.535674796083,945.4288221093298,1853.0064421018265,50,0.006895926386415274
train-0235,train,lhs,2031,469,761,884,1702,3816,306463.2450273742,305499.94402799814,18364.009010681577,927.522521515986,1817.9107378269669,50,0.00593190461604812
train-0236,train,lhs,2195,35,1388,1334,768,3525,311187.7801802729,309583.90608755377,17742.79884636137,896.1466701064982,1756.4151990528303,50,0.005644229339710347
train-0237,train,lhs,1787,676,1176,2020,27,3899,301758.3945684929,299724.00583921734,17693.616596341464,893.6625913562779,1751.546494165479,50,0.005804466505961326
train-0238,train,lhs,2257,161,640,1844,669,3314,300549.5015749348,300589.1086720946,17671.561838397334,892.5486578634406,1749.3632246373772,50,0.005820549411895183
train-0239,train,lhs,1731,1,2079,867,244,3191,229127.3150590473,229196.0304576109,11612.984163088582,586.5442751094229,1149.605655062228,50,0.005017322595370039
train-0240,train,dr-edge-mastery,2208,328,152,2507,179,3166,269378.821345537,268268.13301361795,16778.249177473568,847.429554987798,1660.9314079471596,50,0.006165783188340011
train-0241,train,lhs,1755,294,1251,155,1050,2750,226583.51801297482,226143.09008976477,13531.968271308033,683.4676091030796,1339.5718990355513,50,0.00591204475410627
train-0242,train,lhs,1617,503,189,94,1990,2776,218943.06956075094,218743.37118925853,14328.262838762972,723.6865582794649,1418.3995909522566,50,0.006478394560731634
train-0243,train,lhs,1625,150,2495,197,430,3272,211413.0597968135,211538.21281468953,10623.446454864035,536.5650734147533,1051.648219721189,50,0.00497437679929478
train-0244,train,lhs,1798,1607,335,1346,547,3835,300631.919913014,300406.03289054486,16576.4640526528,837.2378671232739,1640.9560667821634,50,0.0054583560762841285
train-0245,train,lhs,1655,1633,438,247,338,2656,237075.9261316167,237811.83209609395,12900.728649511244,651.5851935940694,1277.0835128700498,50,0.005386812291354523
train-0246,train,lhs,1645,135,1898,274,601,2908,215292.13638930186,215382.540805051,12431.34270415046,627.8776232399074,1230.6175287943452,50,0.005716035659421772
train-0247,train,lhs,1991,2712,431,512,29,3684,281953.5650010586,281438.49766284035,14026.172233907293,708.4286786204509,1388.4946963268867,50,0.0049245509498050625
train-0248,train,dr-edge-versatility,2161,212,99,142,2184,2637,238012.52164422584,239010.35935859958,17350.832374045585,876.3493736370513,1717.613210964252,50,0.007216482557718917
train-0249,train,lhs,2213,183,143,1181,1322,2829,276994.09046453825,276863.3311849737,18791.217906337726,949.099829166106,1860.2014837232898,50,0.0067156720946775555
train-0250,train,lhs,1640,1276,833,225,673,3007,254282.8967418831,253912.0082745213,13118.161638977988,662.5672179730407,1298.6078851397158,50,0.005106941527639996
train-0251,train,lhs,1680,38,196,609,1843,2686,225220.2235630576,224853.11329546603,15416.86357414499,778.6691984218426,1526.1635854540136,50,0.006776316803658244
train-0252,train,lhs,2084,1170,471,181,1312,3134,283592.9906316711,283743.7587762736,17572.514898242916,887.5460319320858,1739.5582579794493,50,0.006133995957039634
train-0253,train,lhs,1978,380,660,466,1352,2858,259919.81737016016,260287.2378123532,16757.53387808598,846.3832743684214,1658.88073561455,50,0.006382278782737389
train-0254,train,lhs,2037,1076,241,815,800,2932,280691.6263398249,279764.95592535025,16301.368139240725,823.3434252768177,1613.7234611657511,50,0.00574909726452639
train-0255,train,lhs,1931,1031,493,1317,21,2862,282264.11466495635,282332.34990083665,16731.91465781104,845.0893083409129,1656.3446088022908,50,0.00586806654741907
train-0256,train,dr-edge-crit,2015,2628,603,376,158,3765,287466.872692775,287010.66085021157,14564.429555298415,735.6147787618058,1441.7784735076616,50,0.005015459555399054
train-0257,train,lhs,1735,822,4,1561,1292,3679,288999.7387112669,288147.7120575887,18866.418875095715,952.8980516632896,1867.6458630263394,50,0.00646244827540229
train-0258,train,lhs,2129,2208,768,169,341,3486,287048.43157370086,287968.66047246475,16088.535745001149,812.5937660466054,1592.654516219117,50,0.0055483825760260135
train-0259,train,lhs,2030,373,1929,787,712,3801,274555.91627149796,273930.54840230645,15835.347411967243,799.8058241033488,1567.5906105628342,50,0.005709549558614148
train-0260,train,lhs,2201,1410,321,1448,282,3461,318611.6354671548,318815.7627264725,18968.144814318304,958.0359874809227,1877.7160321882425,50,0.005893432075809464
train-0261,train,lhs,1888,730,498,223,1869,3320,263517.68856324634,264252.24278667435,15626.777342254256,789.2714447714485,1546.943606463674,50,0.005870359651748369
train-0262,train,lhs,1927,1938,127,15,902,2982,251640.65069894787,252509.32869834144,15296.064348443062,772.5679161607057,1514.2052919573714,50,0.006017331809274734
train-0263,train,lhs,1706,44,644,717,1362,2767,243828.46731721447,242854.95525439683,15399.189373342222,777.7765164761505,1524.4139609900326,50,0.006251993369612622
train-0264,train,dr-edge-haste,2253,471,2389,81,451,3392,255576.31477703547,254504.0361836307,14426.817724233324,728.6643316962613,1428.1558475767035,50,0.005587982003819976
train-0265,train,lhs,1984,791,442,1063,779,3075,287904.6670205788,286985.71092762373,17143.35878669483,865.8703750275643,1697.0747510865076,50,0.005894571868698482
train-0266,train,lhs,2049,1026,1045,74,704,2849,259488.20908775085,259050.27138908877,14741.233151203669,744.5447088762895,1459.2808149242678,50,0.005623688336570177
train-0267,train,lhs,2260,176,712,1544,679,3111,296259.90254177095,297182.15736947197,18488.364038646843,933.8033989123347,1830.2210313205792,50,0.006177754787664957
train-0268,train,lhs,1964,487,1776,51,573,2887,234204.2982426226,233945.496772886,13370.825777752369,675.3286841080424,1323.6198991653343,50,0.005651561090455043
train-0269,train,lhs,1823,696,2030,110,373,3209,236185.44011629658,235363.21070254984,12797.532061721631,646.3729788068302,1266.8677596028456,50,0.0053638689962389125
train-0270,train,lhs,1884,1358,147,1785,130,3420,288467.7847385727,289096.9578565754,17133.823271845617,865.3887587981368,1696.1308006220415,50,0.005879792789198904
train-0271,train,lhs,1999,197,754,409,1457,2817,258237.79125698225,257700.10851379292,16604.329511019274,838.6452853069742,1643.7145557346257,50,0.006365120100097599
train-0272,train,dr-edge-mastery,2020,471,316,2665,398,3850,285671.5621293568,285214.9019420578,18057.50233185176,912.0415964388767,1787.5686822150194,50,0.0062574260766130405
train-0273,train,lhs,1990,62,1184,1171,194,2611,260634.0384017059,260317.01018978268,14642.357645973902,739.5507417162028,1449.4928191461831,50,0.005561410274862609
train-0274,train,lhs,2228,681,112,930,2104,3827,304726.5430784731,304671.2774849717,19311.485956506196,975.3773339024509,1911.704446632937,50,0.00627350813394892
train-0275,train,lhs,1783,110,808,898,1105,2921,258749.43044763643,259407.4699489091,15639.85246009909,789.9318379495124,1548.2379533088892,50,0.005983541492750102
train-0276,train,lhs,1896,891,1679,599,337,3506,267966.7803316451,266918.3678113927,14661.25461208159,740.5051826361026,1451.3634889753873,50,0.005416206767044515
train-0277,train,lhs,1961,125,421,1448,1226,3220,280132.74192014337,279572.7389685852,16933.26749223309,855.2591622431245,1676.2771561874954,50,0.005983867307682823
train-0278,train,lhs,1899,337,110,1409,1634,3490,277890.0545504704,277590.2560008947,18113.50868625371,914.8703445093879,1793.1129265570164,50,0.006452598418671912
train-0279,train,lhs,1885,1150,631,858,541,3180,289052.72194324207,289250.2329349075,15319.135298510057,773.7331751064762,1516.489157524757,50,0.0052464102303888096
train-0280,train,dr-edge-versatility,2003,133,294,181,3277,3885,255324.0027926433,254639.37536481116,16979.1792430979,857.5780558411711,1680.822104125662,50,0.006583094757020204
train-0281,train,lhs,2175,2253,9,200,732,3194,271512.92992447485,272486.2264153239,15795.797658123498,797.8082598792652,1563.6754566250893,50,0.005759119674558584
train-0282,train,lhs,2287,391,830,1942,64,3227,305024.5496719191,304102.2975671512,17770.21378731728,897.5313337247663,1759.129089876542,50,0.005767172156367876
train-0283,train,lhs,1997,2421,445,691,15,3572,289842.571768139,290142.86443497246,15150.037594746182,765.1924513197256,1499.7496464934009,50,0.005174359437071007
train-0284,train,lhs,2101,532,1896,361,161,2950,248136.32032136217,248387.46757528174,14512.294303361545,732.9815508915609,1436.6174417166067,50,0.005789629828700767
train-0285,train,lhs,1859,79,1038,301,1306,2724,246677.24112608857,245222.41414805318,14977.563051424713,756.4811713793923,1482.6758515435329,50,0.006010590376214181
train-0286,train,lhs,2172,744,1563,6,831,3144,267368.1432427254,267929.01050190435,13929.809285467552,703.5616147421031,1378.9554264106405,50,0.005157515812041902
train-0287,train,lhs,1691,92,450,1507,1047,3096,257173.0449508636,256284.15683188537,15528.695958341308,784.3175867948052,1537.2342232406227,50,0.005977431357684987
train-0288,train,dr-edge-crit,2298,2871,384,430,92,3777,298118.13888918795,298660.25688333315,15978.958645282097,807.0592867413128,1581.8071361027528,50,0.005305974141649659
train-0289,train,lhs,2232,613,882,674,513,2682,268115.8051963087,266241.6275812731,16412.824736507824,828.9728335436423,1624.7568986278905,50,0.006059907201062906
train-0290,train,lhs,2060,1057,1602,338,216,3213,266042.6221700925,265660.35743605933,13958.210023622085,704.9960686378012,1381.7669043849382,50,0.005193780203765678
train-0291,train,lhs,1611,147,1582,575,1077,3381,238462.20280940383,238973.24258820806,13693.69727814015,691.6361574920477,1355.5819596909987,50,0.005684682703256237
train-0292,train,lhs,2094,1102,542,1567,559,3770,324497.34566346614,323942.9535881614,20514.96461704242,1036.1621854651985,2030.840566554347,50,0.006258419656413822
train-0293,train,lhs,1883,692,1369,440,1020,3521,268879.9106325241,268194.4850026837,14549.64794157503,734.8681945260425,1440.3151952934916,50,0.0053567229768309394
train-0294,train,lhs,2033,401,339,1590,740,3070,275953.0828516692,275008.9492854962,18066.351686651054,912.4885563522843,1788.4447075482199,50,0.006480973827386258
train-0295,train,lhs,2124,935,1237,311,119,2602,255223.97288494842,253798.76997185062,14372.753379539903,725.933669928181,1422.803848854933,50,0.0055747265148024085
train-0296,train,dr-edge-haste,2270,316,2498,406,90,3310,254337.92341366687,254528.17620429973,13878.408341407032,700.965475020347,1373.867086054909,50,0.005401739023481718
train-0297,train,lhs,2140,1657,69,319,865,2910,272654.76851727394,273102.4635598498,15522.192759144786,783.9891256340003,1536.5904511948395,50,0.00563566322185005
train-0298,train,lhs,2136,605,331,934,950,2820,283395.65061584406,283186.33526011265,18390.806532314302,928.8760007492355,1820.5635083791346,50,0.006424105325621221
train-0299,train,lhs,1636,904,493,957,449,2803,256502.7459360214,256130.93894241043,14294.605254917416,721.9865935812115,1415.0677213672138,50,0.005516774162410602
train-0300,train,lhs,1724,191,1677,940,703,3511,248715.75728111147,248614.50086522984,13827.133612009195,698.3757101017244,1368.7912400837333,50,0.005503435950528274
train-0301,train,lhs,2147,901,14,696,2020,3631,295034.17935662024,294990.0381525638,17997.960643935527,909.0342870611009,1781.6744641415967,50,0.006038874777244069
train-0302,train,lhs,1902,650,266,522,1700,3138,259808.27428747437,259993.1206986117,17492.312223819292,883.49518514964,1731.618744175446,50,0.006664986898221082
train-0303,train,lhs,2205,18,1637,1484,162,3301,291030.44551926735,290572.1122000975,17627.49577649586,890.3229856355321,1745.0009872273517,50,0.005995939648561016
train-0304,train,dr-edge-mastery,2153,279,371,1996,168,2814,268847.76873830846,269075.6330162795,16992.22832842752,858.237134178661,1682.1138739307055,50,0.006256752220131106
train-0305,train,lhs,1881,119,1027,950,1442,3538,286516.73436385335,286505.46138568746,16824.09405719997,849.7450710833139,1665.469736102005,50,0.005812818367484922
train-0306,train,lhs,1710,811,850,1724,363,3748,293683.20392179757,293676.67104395275,18551.726166516844,937.0036696471409,1836.4934467043572,50,0.006253314531373001
train-0307,train,lhs,1986,182,1304,660,778,2924,247918.89740617253,247791.49138194456,13859.261681771559,699.9984226728246,1371.9716982817602,50,0.005533953694679516
train-0308,train,lhs,2069,266,1735,189,1239,3429,258778.80497670872,257510.8718715424,14739.331284163563,744.4486500847913,1459.0925431524495,50,0.005638377313334353
train-0309,train,lhs,1656,352,992,400,1808,3552,259755.4480784275,260037.50695796695,14997.99451412784,757.5131160813168,1484.6984259942383,50,0.005715754710738409
train-0310,train,lhs,2152,273,959,576,2015,3823,301328.4141173889,301677.9228053714,17743.018749206272,896.1577768774149,1756.4369679238214,50,0.005828978900209404
train-0311,train,lhs,2261,1654,78,1688,377,3797,330270.2844363887,329009.1360894616,18727.637024875556,945.8885097064118,1853.9074132366463,50,0.005613303710929876
train-0312,train,dr-edge-versatility,1718,373,479,147,2758,3757,247803.032414954,248074.18157933018,15115.55278465001,763.4507053863731,1496.3358871922976,50,0.00603840829795269
train-0313,train,lhs,2029,455,1614,910,60,3039,259674.79595605354,260469.58476106598,14309.699855570436,722.7489860441439,1416.5619831373083,50,0.00545513852402157
train-0314,train,lhs,2079,485,264,2045,472,3266,276530.65197974286,276041.89424630225,18945.723317084117,956.9035308567336,1875.4964579897942,50,0.006782237139220222
train-0315,train,lhs,1952,72,438,2429,619,3558,275185.1202948508,274695.1103278765,16082.045126789948,812.2659403215173,1592.0119896044537,50,0.005785240088194707
train-0316,train,lhs,2005,2186,255,262,245,2948,255118.32094412573,255297.8115647311,14505.164527702642,732.6214428403645,1435.9116429054059,50,0.005628414445467793
train-0317,train,lhs,2295,1731,236,196,569,2732,270601.3440876821,270602.52418824576,15989.132730277373,807.5731556336362,1582.8143006249286,50,0.005849247741031376
train-0318,train,lhs,1763,2482,337,390,157,3366,255253.9647795318,254618.37732732762,14161.066133096792,715.2418493959931,1401.8482656733895,50,0.0054919745003146
train-0319,train,lhs,1771,1585,168,448,975,3176,262920.46965481085,262191.2607155026,14450.538565848947,729.8624151221085,1430.5040479428792,50,0.005440824177063858
train-0320,train,dr-edge-crit,1819,2228,165,355,264,3012,243503.18074830435,243734.70156880625,14135.948459244852,713.9732152882546,1399.3617885115607,50,0.005746790593088814
train-0321,train,lhs,1972,657,823,1033,476,2989,286421.2452304133,285995.4607052122,16437.248464447493,830.2064180899278,1627.174679911567,50,0.005681054415508097
train-0322,train,lhs,2127,1028,1125,401,1285,3839,323570.8330368639,324603.18048056733,17814.346547970985,899.760374748389,1763.4979300048412,50,0.005450114008897486
train-0323,train,lhs,1658,337,425,1013,967,2742,246458.81922047772,246277.4691427699,15912.14694405112,803.684786241096,1575.1932366535837,50,0.006391303998111115
train-0324,train,lhs,2103,972,1366,961,124,3423,292596.51730103634,292560.36128333793,16522.794102733576,834.5271252994291,1635.6431104336862,50,0.005590097672799241
train-0325,train,lhs,2063,1761,198,813,335,3107,277498.05872537877,277917.6367760396,16284.909695929564,822.5121483573108,1612.094188341616,50,0.00580938906652676
train-0326,train,lhs,2058,13,368,2530,878,3789,292838.2352998143,293191.1683958253,16818.347615931925,849.4548319698621,1664.9008778924826,50,0.005685394450584364
train-0327,train,lhs,1779,1200,942,152,1515,3809,291199.2604520338,290483.6379602288,16503.042469173775,833.5295171544543,1633.687834397985,50,0.005610205987000043
train-0328,train,dr-edge-haste,2234,340,2326,181,116,2963,239485.54444835344,238205.0757002769,14386.126423044225,726.609110624396,1424.1276882937939,50,0.005946612316723426
train-0329,train,lhs,1793,1008,1288,136,458,2890,240652.66808788694,240146.09858415974,13292.415571693055,671.3683706495584,1315.8578274157755,50,0.005467871342840135
train-0330,train,lhs,1802,397,2040,81,948,3466,240050.75707555894,240532.15291725553,13107.68706166324,662.0381719266607,1297.5709739421882,50,0.0054054025479859736
train-0331,train,lhs,2090,1263,49,712,670,2694,270000.852844477,270183.95143873774,16125.925919504312,814.4822550423866,1596.355886637689,50,0.005912410534337108
train-0332,train,lhs,1677,308,943,2130,205,3586,268491.95872475835,267925.2442169274,16414.122251467114,829.0383679455283,1624.8853436953923,50,0.006051895749180056
train-0333,train,lhs,2284,162,2617,202,757,3738,260673.88752817005,260193.4049104666,14694.282246456152,742.1733300813029,1454.6329978903318,50,0.005580278913564501
train-0334,train,lhs,1987,569,496,136,1817,3018,255372.88717237825,254651.33447473546,16749.530203848248,845.9790277735708,1658.0884268474188,50,0.006492813098550274
train-0335,train,lhs,1833,133,1990,92,534,2749,215128.30191387906,215068.30088995703,11507.907200029938,581.2370870290475,1139.2037575609008,50,0.005295462044863586
train-0336,train,dr-edge-mastery,1863,538,256,2897,103,3794,274666.841640619,275208.9947985312,17841.637186645672,901.1387601533736,1766.1995157566244,50,0.006430333946416307
train-0337,train,lhs,1843,2234,122,127,864,3347,256391.47647683474,256805.95640194629,14640.25827110553,739.44470727294,1449.2849954561752,50,0.005652625490407516
train-0338,train,lhs,1765,1214,1067,366,14,2661,258082.36740650164,257544.81403297465,13011.733169042021,657.1917684871099,1288.0721977419068,50,0.00499093452484138
train-0339,train,lhs,1874,2076,210,601,196,3083,259879.73380250286,260144.58496069536,14508.385149387503,732.7841087998646,1436.230462327678,50,0.005526519676286685
train-0340,train,lhs,2219,780,894,248,725,2647,261389.07342577865,260491.18211205676,15388.063052047479,777.2145523877809,1523.312531615735,50,0.005827759024702611
train-0341,train,lhs,1737,907,436,638,1518,3499,274785.70372408774,274272.643581227,18001.278966316127,909.2018876509214,1782.002955261578,50,0.006485064292321725
train-0342,train,lhs,2146,1238,418,732,1415,3803,322255.8237852895,321799.04358820873,21849.666859065954,1103.574828765179,2162.9669195835245,50,0.00671195602976799
train-0343,train,lhs,1944,170,104,1001,2354,3629,268624.4694977094,268268.13523283275,17935.683335605638,905.8888079872359,1775.5094384399638,50,0.006609634043242303
train-0344,train,dr-edge-versatility,1879,305,460,277,2395,3437,254267.16031836107,254834.05496303082,18252.23759541505,921.8772125390018,1806.8461355455725,50,0.007106093186722458
train-0345,train,lhs,1995,3100,368,18,327,3813,263651.11608891253,263765.53911269567,14351.820998374273,724.8764250232811,1420.7316869175722,50,0.005388680723196525
train-0346,train,lhs,1700,35,733,1382,702,2852,252880.8192840897,252825.366512105,15019.077240252818,758.577954553379,1486.785471049758,50,0.005879392020552904
train-0347,train,lhs,1890,107,217,15,3514,3853,238681.24825193133,237734.80164008765,15601.863766192884,788.013119158834,1544.477333581032,50,0.006470878399089044
train-0348,train,lhs,2203,828,183,1203,399,2613,274306.0447387707,273578.7236205703,18443.58283089632,931.5416063644693,1825.7879993842969,50,0.00665602539354554
train-0349,train,lhs,1749,446,1581,912,365,3304,249210.2632742176,248111.90446841237,14347.52868917136,724.6596306701147,1420.306777793126,50,0.0056992306782738585
train-0350,train,lhs,1619,406,1850,610,350,3216,230378.4697826472,230297.94074879817,13324.97284810495,673.0127614301167,1319.0807741236083,50,0.005725712022343528
train-0351,train,lhs,1607,1268,1007,397,151,2823,250193.8951737221,250399.9001519156,13731.824373927811,693.5618666333623,1359.3562802543481,50,0.005433211227278265
train-0352,train,dr-edge-crit,1800,2896,316,186,283,3681,253499.07913949163,252840.0951348115,14143.808369942148,714.3702007277958,1400.1398656757933,50,0.005523254247820544
train-0353,train,lhs,2133,313,351,2425,473,3562,286909.3219185061,286483.5260257293,17279.387842939224,872.7408798924797,1710.5406931833186,50,0.005961955790579651
train-0354,train,lhs,1909,601,2771,192,139,3703,241564.25379182395,241183.50112769863,12734.735539396797,643.2012754660573,1260.6513352825295,50,0.005218699851050552
train-0355,train,lhs,1963,1188,461,822,523,2994,281736.66740352556,281752.69562604435,15217.2065742384,768.5849970971775,1506.3989140360577,50,0.005346833012255639
train-0356,train,lhs,1831,926,122,202,1793,3043,248732.31215690274,247923.6549422455,16843.050973728474,850.7025399567204,1667.346340611032,50,0.006703376518123041
train-0357,train,lhs,2247,24,87,1046,1635,2792,267624.93553610926,267096.3339009485,17763.553795371914,897.1949533342508,1758.4697964257336,50,0.006570650051360675
train-0358,train,lhs,1948,299,63,155,2997,3514,242449.7112434906,241665.3843451478,17407.466903860164,879.2098493571369,1723.2196403567564,50,0.007107534306882051
train-0359,train,lhs,1705,49,136,1707,1605,3497,266544.48053646827,266352.9068138832,17180.265062281414,867.7344234372508,1700.728218836552,50,0.00638065442365767
train-0360,train,dr-edge-haste,1992,158,3100,39,367,3664,227999.6843455742,228131.75142770496,11893.14386707807,600.6944770027216,1177.3395411593579,50,0.005163777066352819
train-0361,train,lhs,2293,1300,130,165,1737,3332,292444.5789227405,292243.4588083343,18448.899542384715,931.8101408464019,1826.314317297725,50,0.006244992894124429
train-0362,train,lhs,2097,683,557,628,1225,3093,283792.51328299136,284070.3143417078,17930.687831457013,905.6364969258833,1775.0149178465924,50,0.006254622073403988
train-0363,train,lhs,1642,379,22,429,1823,2653,220651.65368167334,220704.8240954875,15342.419274868604,774.9091935047702,1518.7941112315916,50,0.006883221067641326
train-0364,train,lhs,1743,1532,162,825,1137,3656,285298.4984918467,285398.16691567324,16454.467758892377,831.0761237948724,1628.879271771163,50,0.005709386065407958
train-0365,train,lhs,2252,625,883,1040,152,2700,293820.9269619303,293905.2582430608,17416.227910484067,879.6523470138357,1724.0869198275138,50,0.005867815263039109
train-0366,train,lhs,1668,2183,1354,292,48,3877,280124.50211670576,279558.42608221236,14208.942434004135,717.659967755258,1406.5876905700047,50,0.005021294745519943
train-0367,train,lhs,2018,2127,522,32,55,2736,254438.0283913987,254686.8324888748,13878.635798078394,700.9769633171146,1373.8896027028272,50,0.005399702282668968
train-0368,train,dr-edge-mastery,1812,281,272,2241,165,2959,247861.55849506982,247066.319552836,16112.339243089938,813.7960242547872,1595.0108990083156,50,0.006435087831661648
train-0369,train,lhs,1605,65,1223,255,1808,3351,246441.54583970408,246228.88557220757,14952.198325170923,755.2000592410355,1480.1649178910834,50,0.006006150110963209
train-0370,train,lhs,2092,911,380,711,1060,3062,286316.0324783998,286397.9040973024,17125.586418627478,864.9727348862664,1695.3154087377065,50,0.005921133350664197
train-0371,train,lhs,1701,1492,921,468,315,3196,266540.3884635392,266455.8793307092,13384.627241055903,676.0257632717729,1324.986149221225,50,0.004971052067789995
train-0372,train,lhs,2026,579,306,1894,279,3058,274075.2793419812,274330.72078898945,16898.91056725152,853.5238754834683,1672.8760566342123,50,0.006103710121724835
train-0373,train,lhs,1960,1375,9,622,779,2785,265182.0125510442,264386.2417475427,14342.974233482517,724.4295959199579,1419.8559179674264,50,0.005354269334893603
train-0374,train,lhs,2113,1054,567,939,1048,3608,329390.9630217184,329837.0089401893,20289.97665985032,1024.7985775926384,2008.5683043798203,50,0.006097824560679844
train-0375,train,lhs,1638,667,1772,1008,30,3477,254751.7555998959,254765.70031355124,13438.153075911154,678.7292261856885,1330.2848391683883,50,0.005221886836602165
train-0376,train,dr-edge-versatility,2276,184,288,167,2352,2991,255831.7725969373,255643.1704975268,17667.985749799464,892.3680381136064,1749.0092164326486,50,0.0068365598169395905
train-0377,train,lhs,2292,1066,524,926,126,2642,297578.7246614446,297092.4645443429,17782.52914925258,898.1533534345676,1760.348226105967,50,0.0059155715117359805
train-0378,train,lhs,1837,540,1454,48,636,2678,227300.32965995144,227905.60901492092,12947.724947116005,653.9588650745685,1281.7358234850203,50,0.0056389527696793845
train-0379,train,lhs,1973,2348,301,482,493,3624,278970.3420273801,278595.81488872855,15453.771351251133,780.5333226697195,1529.8172018441799,50,0.0054837987103805936
train-0380,train,lhs,2188,858,698,661,393,2610,284416.20684725326,283532.0559549721,15002.284184872142,757.7297771721991,1485.123073929407,50,0.005221654175027366
train-0381,train,lhs,2211,523,106,1980,437,3046,279931.9702359289,280317.69481922215,17207.727295542223,869.1214756776255,1703.4467912735672,50,0.006085217025543345
train-0382,train,lhs,2271,1281,1914,427,104,3726,298924.43214470724,299107.4455128215,14340.118331135081,724.2853510687952,1419.5732032540668,50,0.004748936689681027
train-0383,train,lhs,2265,1029,552,1359,458,3398,322221.5732010344,322985.8685429471,19793.2852153632,999.7118712673395,1959.3992634697054,50,0.006080906514124782
train-0384,train,dr-edge-crit,1687,2427,168,145,156,2896,229058.0445774561,228780.87502448086,12947.452631995171,653.945111083957,1281.708866158766,50,0.005595563642059101
train-0385,train,lhs,1945,411,771,1913,353,3448,286928.07318145625,286279.97518197604,18012.1849834999,909.7527247013772,1783.0825760423004,50,0.006214388701222207
train-0386,train,lhs,1769,1540,1575,273,1,3389,264242.2987764108,263916.4359380712,13519.891492580275,682.8576396649876,1338.376380904691,50,0.005064958892282272
train-0387,train,lhs,1746,665,929,922,635,3151,279519.8766493038,279613.4442145173,17327.91075518919,875.1916570563991,1715.344128160863,50,0.006136751878697336
train-0388,train,lhs,2188,3144,128,171,215,3658,264158.34078700823,264456.7839489823,15434.948786363457,779.5826395789052,1527.9538972246467,50,0.005784234912561936
train-0389,train,lhs,2267,15,2552,750,163,3480,254827.95673328076,255068.52059131485,13604.201574571638,687.1159418577366,1346.7224998414667,50,0.005284830271786202
train-0390,train,lhs,1894,1131,299,1058,733,3221,287121.4149408946,286800.01331135695,18619.006311295398,940.4018301194358,1843.1537188466953,50,0.006419422665585978
train-0391,train,lhs,2217,1351,79,112,2093,3635,292631.8248883449,292986.5352708994,17866.560563767507,902.3975807942965,1768.6667588769224,50,0.0060440000316157195
train-0392,train,dr-edge-haste,1673,61,1951,481,212,2705,209724.43445190138,209043.05547866313,11465.557396552069,579.0980989418247,1135.0114179447255,50,0.005411917886015477
train-0393,train,lhs,1624,246,657,1179,1195,3277,265527.06323116337,265193.42584926804,17224.836129008025,869.9856022606153,1705.1404482550618,50,0.006421719984040178
train-0394,train,lhs,1606,1514,838,81,823,3256,257838.35744229826,257308.2011725092,13518.362329485659,682.7804052654344,1338.2250042631322,50,0.0051901703747186416
train-0395,train,lhs,2077,1401,1794,118,328,3641,277941.8022047314,276752.561346841,14069.548675757078,710.61951977586,1392.78866608924,50,0.005011080215502505
train-0396,train,lhs,1854,1381,430,1425,4,3240,293758.95806905715,293361.257297691,18247.81619529275,921.6538981098006,1806.408447306916,50,0.006149288039353216
train-0397,train,lhs,2115,169,1524,842,261,2796,245487.69223191755,244816.5991929559,13295.926117237945,671.5456799753053,1316.2053473085168,50,0.005361594038959269
train-0398,train,lhs,1908,1707,139,281,775,2902,255959.24250628977,255400.70248865645,13908.109330632493,702.4656015124378,1376.8072799529648,50,0.005379009823875112
train-0399,train,lhs,1997,1021,30,1308,1203,3562,305757.8067657274,305272.4855998733,19606.999048568294,990.3029989972018,1940.9582126769233,50,0.006348025037228539
validation-0000,validation,dr-edge-crit,1936,2612,630,152,442,3836,278454.02100234036,278947.6321383199,14366.462399200478,725.6159274383011,1422.1810850181344,50,0.005107418021469983
validation-0001,validation,lhs,1673,458,1457,1202,635,3752,264438.5625922665,263261.0094753928,15369.717831338176,776.2879788187872,1521.4964807906756,50,0.005753686095838625
validation-0002,validation,lhs,2251,760,125,1540,1012,3437,310799.12967092876,309780.3855159919,18579.071539447767,938.3848195495361,1839.200450771503,50,0.00591764993910643
validation-0003,validation,lhs,2122,674,665,1576,425,3340,303708.8535551687,303091.33217213483,17658.052563994974,891.8663364678107,1748.0258992754686,50,0.00575559743752396
validation-0004,validation,lhs,2174,1165,677,1340,705,3887,342740.1276149132,342698.0994952921,21151.758483748505,1068.3251327056182,2093.8787848101756,50,0.006109231502541657
validation-0005,validation,lhs,1642,542,313,960,1818,3633,263146.52436138724,262844.42815561424,17339.60120100041,875.7821137355567,1716.501401986956,50,0.00652298716904059
validation-0006,validation,lhs,1951,1135,69,189,1260,2653,250754.0085066213,251259.3574129967,16294.492680360005,822.9961621626516,1613.0428379685247,50,0.006432769898974243
validation-0007,validation,lhs,1665,519,73,2000,542,3134,248488.48741950322,249198.83718811246,15428.875321464133,779.2758832777902,1527.352665922164,50,0.006146573154287252
validation-0008,validation,dr-edge-haste,1896,117,2718,360,134,3329,224209.36513593188,224004.5378297013,12736.185842729317,643.2745268461431,1260.7949053493792,50,0.005623292785227747
validation-0009,validation,lhs,1752,2207,299,203,1104,3813,272849.1856972812,272685.0387190398,15191.757000689264,767.2995995232561,1503.8795810842398,50,0.0055117612949475816
validation-0010,validation,lhs,2240,1566,868,767,191,3392,316022.0689328423,315847.7522251491,15823.360393578141,799.2003882469816,1566.4039780888795,50,0.00495662845122932
validation-0011,validation,lhs,1701,1712,435,8,787,2942,247893.15735653442,247515.36395905956,13565.852592364765,685.1790257598735,1342.9262140468963,50,0.00541735894757039
validation-0012,validation,lhs,2157,259,1762,50,1652,3723,272998.2118625757,271691.6191901323,15690.325395699136,792.4811061658828,1553.2344272021226,50,0.005689540662574022
validation-0013,validation,lhs,2059,1184,574,193,975,2926,276795.7637945132,276057.12991768226,15658.45723845323,790.8715211592756,1550.0796985577185,50,0.005600084615848608
validation-0014,validation,lhs,1888,1348,911,175,192,2626,254065.37747759817,254760.21313868903,13114.242130489743,662.369252899401,1298.2198807250134,50,0.005109786676224634
validation-0015,validation,lhs,1668,277,185,932,2274,3668,253410.89828158446,254224.5834116472,17678.387108798535,892.8933860765919,1750.0388795199083,50,0.006905933767597101
validation-0016,validation,dr-edge-mastery,2143,178,536,2487,249,3450,281690.20557850855,280706.7776545418,16120.170661745286,814.1915706288947,1595.7861556561254,50,0.005665039550732166
validation-0017,validation,lhs,1651,619,95,120,2212,3046,226964.86422241997,226506.50622220206,15251.639816207155,770.3241384467735,1509.8075684468013,50,0.006652164305780947
validation-0018,validation,lhs,1836,821,1685,1009,6,3521,273848.14889141655,272028.6814487642,14546.383511930191,734.7033159304303,1439.9920391841267,50,0.005258359587287543
validation-0019,validation,lhs,1834,1560,415,894,232,3101,272566.65047382197,272479.37897683214,15478.604645066689,781.7875934165893,1532.2755273359967,50,0.005621654463861713
validation-0020,validation,lhs,2186,598,2055,75,972,3700,272197.5938409036,272783.77789760864,14655.654879825894,740.2223534467576,1450.8091539502486,50,0.005329985226828383
validation-0021,validation,lhs,1991,129,262,2138,841,3370,274789.4848462113,275038.2997748774,17461.02784178881,881.9150852439983,1728.5218052670405,50,0.006290349160319672
validation-0022,validation,lhs,1876,2067,908,481,58,3514,288094.4694005039,287912.85095493094,13520.777918604721,682.9024109401952,1338.4641309916788,50,0.004645920950085887
validation-0023,validation,lhs,2199,711,443,463,1430,3047,283277.6783734565,282564.70722443674,17912.85446031086,904.7357756638216,1773.2495366120595,50,0.006259757375850533
validation-0024,validation,dr-edge-versatility,1928,284,109,177,2855,3425,241449.87491482525,241385.4828424167,16812.78910379683,849.1740847110025,1664.3506233761157,50,0.006893151731651293
validation-0025,validation,lhs,1849,532,1664,1091,273,3560,264907.6014618559,264280.9430379683,15018.142759053868,758.5307561253311,1486.6929638306162,50,0.005612118926095389
validation-0026,validation,lhs,1987,88,1584,687,257,2616,230447.45018825223,230386.17596396562,12454.952628664061,629.0701045061123,1232.9547491293815,50,0.0053502642277976275
validation-0027,validation,lhs,2047,94,2567,130,488,3279,231514.0467244541,231920.23976940574,11466.058878000023,579.1234275798595,1135.0610611630732,50,0.004902774052902338
validation-0028,validation,lhs,2173,1305,192,1923,204,3624,310450.25613757526,310158.50497628324,18936.722325484337,956.4489121283331,1874.6054216550367,50,0.006038343936248228
validation-0029,validation,lhs,2213,1201,1049,694,122,3066,304951.7017050605,305332.1531229204,16233.966464161316,819.9391265973904,1607.0511583584987,50,0.005269854699524803
validation-0030,validation,lhs,1716,1414,19,1410,239,3082,264014.079798813,263123.7708845699,16990.716975372998,858.1607993219737,1681.964260360767,50,0.0063707369760070244
validation-0031,validation,lhs,1844,299,1416,464,838,3017,240233.1346317607,240897.94321812404,13874.234592371056,700.7546688598964,1373.4539135725236,50,0.0057171710125574916
validation-0032,validation,dr-edge-crit,2098,2382,212,254,120,2968,258150.5345987979,258581.6430429112,14793.135755060606,747.166186244038,1464.4188161536194,50,0.00567273206863403
validation-0033,validation,lhs,1997,446,714,1539,184,2883,274133.3771141066,273446.4392651798,16608.479485161813,838.8548906539698,1644.1253746658863,50,0.005997538103437611
validation-0034,validation,lhs,1854,760,473,757,686,2676,264595.12068072206,264494.2088388813,16618.43793169468,839.3578681592179,1645.1111924616432,50,0.006217466097746916
validation-0035,validation,lhs,1690,3,2273,117,1201,3594,231012.5472599387,231818.68590351508,12020.884181763584,607.1463371987952,1189.9849547825554,50,0.005151170223856139
validation-0036,validation,lhs,2258,471,567,1854,256,3148,293847.7198697579,292918.134598333,16973.39973868615,857.2861467867822,1680.249972892045,50,0.0057180977059709094
validation-0037,validation,lhs,2031,425,1731,188,567,2911,240107.70198575477,239851.52967110169,12831.800307735431,648.1037866022393,1270.2600805475122,50,0.005290376235506493
validation-0038,validation,lhs,2287,271,1631,182,927,3011,255440.61964372286,254974.680602923,13948.180679804804,704.4895102789403,1380.774068245063,50,0.005405460064146826
validation-0039,validation,lhs,1616,494,335,1155,763,2747,242555.02021260787,242243.04882030084,14554.705537611417,735.1236417013163,1440.8158625572025,50,0.005940160963455951
validation-0040,validation,dr-edge-haste,1623,167,2105,203,159,2634,200593.1924668673,199922.3395931374,11431.158560049154,577.3606953306719,1131.6061694387467,50,0.005641298966941055
validation-0041,validation,lhs,2054,1102,614,790,582,3088,295929.2685637494,295370.13682443654,16622.84806413078,839.5806134843249,1645.547765276771,50,0.00556061174098528
validation-0042,validation,lhs,1963,1234,1436,91,354,3115,255787.29879961134,255558.61195480666,13765.482115122344,695.2618392789392,1362.688165415859,50,0.005327427013815158
validation-0043,validation,lhs,1883,1369,531,584,737,3221,281454.46704293485,282156.1756811879,16580.569592775515,837.44522821336,1641.3624870507074,50,0.005831715887459421
validation-0044,validation,lhs,1683,866,1313,351,539,3069,241300.33292622518,241603.96977783853,14252.434720989537,719.8566599735929,1410.8931282049691,50,0.005847041780237964
validation-0045,validation,lhs,1726,594,533,118,1587,2832,238386.61615389326,237085.4955419892,16125.823951099943,814.4771048602296,1596.3457924661432,50,0.006696457285318415
validation-0046,validation,lhs,2066,336,1212,1810,538,3896,312047.93080312695,313129.5749735642,17946.13988954756,906.4169437158199,1776.5445654473963,50,0.005693178483430578
validation-0047,validation,lhs,1705,162,325,299,2407,3193,232886.18105063715,232156.08184129925,15440.298081294635,779.8528197732196,1528.4834406750738,50,0.0065632208565553785
validation-0048,validation,dr-edge-mastery,1907,148,242,2111,254,2755,243407.22396890866,243270.54812652283,15532.867843488277,784.5282988146447,1537.6472112108008,50,0.006317179852505982
validation-0049,validation,lhs,1798,2504,861,115,13,3493,267576.7658123044,268042.416051278,12857.769852005109,649.4154466634832,1272.8308870286494,50,0.004756881200670073
validation-0050,validation,lhs,1905,72,278,1237,1660,3247,270216.42123095645,268763.3112039163,18282.880823134456,923.4249292617044,1809.8796045816846,50,0.006697889034044915
validation-0051,validation,lhs,2268,261,57,991,1718,3027,276368.18519641005,276973.69897296495,17837.61318361946,900.935517308563,1765.8011671005036,50,0.00638930695241053
validation-0052,validation,lhs,1865,679,413,1959,529,3580,282380.418913323,282534.65325450676,17558.62715245026,886.8445948445584,1738.1834665498654,50,0.006155467412502858
validation-0053,validation,lhs,1813,360,2280,28,336,3004,218497.05883296372,218361.63104336633,11348.349326380347,573.1781974255236,1123.408624175608,50,0.005141527442867914
validation-0054,validation,lhs,1814,153,751,243,2637,3784,259888.63869767266,260415.9136340021,15451.979302275635,780.4428105280913,1529.6398013063463,50,0.005885750946911418
validation-0055,validation,lhs,2151,1228,937,579,517,3261,308410.0803408766,308463.68024191656,16746.725447218512,845.8373661712519,1657.8107752087583,50,0.005375345622219705
validation-0056,validation,dr-edge-versatility,2096,125,440,181,2548,3294,254941.34125406892,254829.28233388485,16738.992301307415,845.4467833202775,1657.0452468875303,50,0.006499711811103071
validation-0057,validation,lhs,1807,786,720,759,1037,3302,282794.8080185572,282260.5471484005,17599.22324181289,888.8950069929849,1742.2022005160263,50,0.006160658368245932
validation-0058,validation,lhs,2033,808,1227,132,654,2821,251959.1404170903,251254.4039821321,15077.511160579921,761.5293132187082,1492.5700277418277,50,0.005923857436848865
validation-0059,validation,lhs,2232,1103,811,1719,190,3823,340060.2926951882,339331.43671210395,19131.631558397068,966.2933150075087,1893.9000967560764,50,0.005569306788939533
validation-0060,validation,lhs,2278,742,1089,674,295,2800,272403.99319661106,271926.4081599988,16306.612009297136,823.608280710857,1614.242568277808,50,0.005925913747940941
validation-0061,validation,lhs,2294,1091,386,505,747,2729,286776.69051505276,286759.83039568085,16596.783910273494,838.264174917298,1642.9675930963951,50,0.0057290834556519045
validation-0062,validation,lhs,2131,108,1467,1424,606,3605,306130.5767731322,305871.8381259789,16971.587171393385,857.1945983136343,1680.070541181756,50,0.005488084721529877
validation-0063,validation,lhs,2266,655,504,333,1497,2989,282780.8526609755,282979.38782180444,17065.50028979328,861.9379270895585,1689.3672947535208,50,0.005974121935260216
validation-0064,validation,dr-edge-crit,1959,2003,235,325,358,2921,254640.50169597016,254091.40558870733,13652.991894028402,689.5802251251749,1351.5524062954917,50,0.00530768827933424
validation-0065,validation,lhs,2113,1480,131,1039,40,2690,276052.103124455,275396.5210258523,15618.565183629089,788.8566681248745,1546.1306591744005,50,0.005600865349963824
validation-0066,validation,lhs,2195,948,53,1900,967,3868,322557.98069364985,321884.3487663245,19728.660710367723,996.447840859259,1953.0018814225882,50,0.0060547312369166155
validation-0067,validation,lhs,1940,338,683,1640,228,2889,266986.75630962284,265693.2279050196,16783.122364566836,847.6756881049153,1661.4138199923257,50,0.006222832334295993
validation-0068,validation,lhs,2183,53,998,244,2022,3317,277478.8288463654,277733.9392703219,15884.966565158466,802.3119697960808,1572.5025658627767,50,0.005667108270568061
validation-0069,validation,lhs,1606,1139,1035,51,1185,3410,265745.94177086605,264708.5806082005,16234.423818215208,819.9622264654554,1607.096433267974,50,0.0060474919111038
validation-0070,validation,lhs,1795,411,163,2136,96,2806,243533.08545396593,243257.5992524158,14705.24940527952,742.7272552508995,1455.7186712733526,50,0.005977498575028406
validation-0071,validation,lhs,1732,166,686,1211,1148,3211,269914.68215006875,268323.25852798927,15814.754228932095,798.7657112911795,1565.5520269102203,50,0.005800173649093292
validation-0072,validation,dr-edge-haste,1926,179,2478,312,317,3286,228113.88454603375,227662.51205975784,12648.422466802313,638.8418069705853,1252.1069340358797,50,0.005488955380895294
validation-0073,validation,lhs,2091,155,321,2950,181,3607,272646.95903168264,272176.03022077854,16507.418328135518,833.7505314076947,1634.121014374598,50,0.005993542052250459
validation-0074,validation,lhs,2072,879,1476,1291,227,3873,304721.6123309098,305052.1730100466,15473.34970554021,781.5221788898822,1531.7553244224464,50,0.005026736740809345
validation-0075,validation,lhs,1826,1160,97,611,1940,3808,283761.23573911405,281334.65252908826,18617.46126763953,940.323793630415,1843.000770138667,50,0.006494899718554563
validation-0076,validation,lhs,1622,1245,1958,2,143,3348,237643.9267515695,237232.10341357274,11947.502392740837,603.4399971535391,1182.7206617761747,50,0.004976860456495397
validation-0077,validation,lhs,2010,675,384,820,830,2709,273485.3396304315,273655.4219143157,17099.080831963056,863.6340005955706,1692.691537741911,50,0.006189331903601462
validation-0078,validation,lhs,1978,618,205,707,2328,3858,282872.95114151534,281860.4723232284,18622.05857619295,940.5559927770813,1843.4558721035755,50,0.006516904018798651
validation-0079,validation,lhs,2017,335,787,1101,428,2651,266868.90808424837,266706.90613271145,15607.23666352727,788.2844914545313,1545.0092135072366,50,0.005789393843585142
validation-0080,validation,dr-edge-mastery,2169,436,179,2809,221,3645,282657.9079610883,282759.9438906133,17619.900558988993,889.9393692209825,1744.2491128706229,50,0.0061708838272118765
validation-0081,validation,lhs,2161,179,1012,1391,592,3174,293716.2643126198,292702.261719589,16931.075608557672,855.1484553995202,1676.0601747610929,50,0.005706392115137219
validation-0082,validation,lhs,1638,473,229,1647,551,2900,242074.58979443408,241062.47180327048,16094.412237299199,812.8905737290012,1593.2362485872054,50,0.006581592268482853
validation-0083,validation,lhs,2077,790,2047,85,618,3540,263856.35855559027,263222.5369517784,14591.74811270673,736.994574275781,1444.4828230222818,50,0.005474504502865534
validation-0084,validation,lhs,1725,16,2410,446,601,3473,228312.72330818055,228368.5042087888,12565.97889824035,634.6777779423438,1243.9455871063294,50,0.0054484286687221965
validation-0085,validation,lhs,2204,472,307,276,2099,3154,267513.74987440225,267881.46601735445,16680.41980426702,842.488425473971,1651.2469720528177,50,0.0061725685981676775
validation-0086,validation,lhs,2141,316,887,728,1275,3206,288599.30385890853,287988.21332076914,17641.92210838132,891.0516254286648,1746.4290949802278,50,0.006051397462254546
validation-0087,validation,lhs,2129,209,630,2436,457,3732,294584.6640344223,293781.5554348013,17431.0072672216,880.398817254599,1725.5499746155892,50,0.005857568927668136
validation-0088,validation,dr-edge-versatility,1601,550,185,188,2772,3695,237357.79008222342,236411.33620562352,15855.834985287273,800.8406028193951,1569.6187395791528,50,0.006612880660185702
validation-0089,validation,lhs,2026,994,13,284,1481,2772,256581.96942453322,256552.53685351828,16353.619158636071,825.9825002867005,1618.8959531399141,50,0.006309468887353246
validation-0090,validation,lhs,1656,1371,299,364,1327,3361,265440.5641784323,265905.945020218,15942.227528828325,805.2040852038118,1578.1710079035756,50,0.0059454778993112386
validation-0091,validation,lhs,1743,77,1188,1324,1172,3761,294004.7525193466,292861.58599866484,16905.59816416972,853.8616501356614,1673.538082787695,50,0.005692214389213215
validation-0092,validation,lhs,2011,1414,782,271,228,2695,266201.82261173025,267014.7185868583,13940.332699994178,704.0931274401755,1379.9971721566499,50,0.0051840260093540015
validation-0093,validation,lhs,2276,346,1204,1233,454,3237,304916.7217775,305838.3878607545,18029.769144199807,910.6408589351186,1784.823287154642,50,0.005853477883240004
validation-0094,validation,lhs,2209,1176,1052,243,1059,3530,316722.7266174023,315978.3582641639,16650.754716981795,840.9901123036943,1648.3103322002116,50,0.005204269203552775
validation-0095,validation,lhs,1857,2146,6,89,1018,3259,256617.61831290074,257580.3829841229,15366.615728607161,776.1312989704273,1521.1893939306508,50,0.005927844720606142
validation-0096,validation,dr-edge-crit,1631,2345,375,161,72,2953,234908.81365442974,235259.15726157065,13279.058385373159,670.6937308621034,1314.5355577292398,50,0.005595939706472785
validation-0097,validation,lhs,1742,1750,832,1091,169,3842,301287.03463164537,301286.0292134578,15194.253373200603,767.42568537548,1504.1267048136683,50,0.0049923379764835185
validation-0098,validation,lhs,1870,602,2043,451,552,3648,257861.55447034872,257742.72381177748,14285.221808768578,721.5126579810156,1414.1388246594267,50,0.005484101061765829
validation-0099,validation,lhs,1711,270,63,80,3155,3568,226001.37949319856,224862.86297234427,16345.946400539919,825.5949674809724,1618.1364027975226,50,0.007159851884205954
validation-0100,validation,lhs,1695,661,696,1862,194,3413,273415.43317804975,273718.1074082662,17396.96718064968,878.6795332512288,1722.1802398882942,50,0.006298767483131796
validation-0101,validation,lhs,1769,1667,33,883,153,2736,245992.9435210674,246231.45856961043,13859.161107566546,699.9933429083691,1371.9617421263729,50,0.00557724023497802
validation-0102,validation,lhs,1787,1161,791,530,359,2841,264610.60030833713,264586.9101636299,14787.73982962964,746.8936508538228,1463.8846566040481,50,0.00553222227264614
validation-0103,validation,lhs,1782,1407,187,341,1252,3187,264391.13354871224,262437.991051487,15996.508525265075,807.9456895373825,1583.544453659615,50,0.005989400750338922
validation-0104,validation,dr-edge-haste,1680,30,2945,224,284,3483,210942.03834081264,210566.2590323805,10901.585292881387,550.6132061628546,1079.1820539697105,50,0.005116012258429535
validation-0105,validation,lhs,2114,408,813,1039,458,2718,278088.46865899005,278491.78530896583,16712.27708919169,844.09746134543,1654.4006244121083,50,0.005949188157243732
validation-0106,validation,lhs,1945,143,513,1852,470,2978,262824.81285379507,260982.44157327022,15665.66768077717,791.2357034923193,1550.7934828146063,50,0.005900483542538603
validation-0107,validation,lhs,1972,560,717,1459,133,2869,274540.24454303307,274735.04987720115,17171.38627580067,867.2859769994477,1699.849279969073,50,0.006191621497236004
validation-0108,validation,lhs,2105,558,910,781,1207,3456,304546.93690697866,302656.8926549645,18182.695777670775,918.3648203316436,1799.9619733165196,50,0.005910294129362079
validation-0109,validation,lhs,2295,564,720,1297,383,2964,299788.37491627305,300292.55128289864,18818.379322625868,950.4716878549614,1862.8902773465165,50,0.006214017731230564
validation-0110,validation,lhs,2249,590,871,214,1494,3169,288579.87378486857,288342.88638625183,16812.011854112843,849.1348276737009,1664.2736809968305,50,0.0057671162550910204
validation-0111,validation,lhs,2042,400,550,1909,269,3128,276943.7537533135,276891.6442285664,17497.946781828025,883.7797733051373,1732.1765267108947,50,0.006254614892863133
validation-0112,validation,dr-edge-mastery,2082,259,192,1929,227,2607,250206.73836590495,250520.26322164445,15897.53100663983,802.9465699227446,1573.7463592561737,50,0.006289784078295727
validation-0113,validation,lhs,2003,660,1560,1230,98,3548,283113.31652612984,283290.3656253077,15338.410358320809,774.7067126421875,1518.397256033195,50,0.00536321383488528
validation-0114,validation,lhs,1971,1178,276,1567,777,3798,313041.3601766244,313748.28399445466,17561.083642930535,886.9686663500244,1738.4266422321941,50,0.005553344903853402
validation-0115,validation,lhs,1647,155,895,1008,1445,3503,270229.1208975857,269576.95496979397,16734.735711928763,845.2317930906795,1656.6238737803033,50,0.0061304417091603836
validation-0116,validation,lhs,1756,229,568,422,2524,3743,257057.84653463776,256758.69375671053,16538.184268559733,835.3044460579479,1637.1666311254935,50,0.006368864647377688
validation-0117,validation,lhs,1763,2161,1244,303,62,3770,283542.93221444596,283498.77518257016,13426.88558384374,678.1601318965575,1329.1694348573894,50,0.004687718450524195
validation-0118,validation,lhs,1893,100,1651,1655,303,3709,287809.95674015145,287062.395447327,15673.899751586572,791.651485856072,1551.6084012733297,50,0.005391086600503525
validation-0119,validation,lhs,2227,1150,445,305,961,2861,286892.66918046767,287192.9330675026,16691.24564516355,843.0352130103984,1652.3186559318858,50,0.005759361717578455
validation-0120,validation,dr-edge-versatility,2220,175,231,429,2545,3380,267317.6971918516,266070.29701810476,17029.71541848868,860.1305181493178,1685.8248383237433,50,0.006306446808547215
validation-0121,validation,lhs,1913,913,1063,228,459,2663,243222.41613610374,242058.10286373636,13298.28800920532,671.6649735343453,1316.4391583879265,50,0.005412491082447212
validation-0122,validation,lhs,2064,869,149,947,812,2777,277704.98994195106,276405.2045665841,18393.076285437113,928.9906405938611,1820.788198345894,50,0.006556555569010463
validation-0123,validation,lhs,1918,462,2063,1115,44,3684,269628.8112106449,269808.58190024376,14750.164873250702,744.9958289639417,1460.1649940491607,50,0.005415463531115081
validation-0124,validation,lhs,1774,62,511,402,1874,2849,238026.13724829155,236882.5844160165,15430.478891581708,779.356875799522,1527.5114083478456,50,0.006417410398734728
validation-0125,validation,lhs,2242,711,960,60,1665,3396,296301.1413146717,295075.54429076833,17218.979854089976,869.689815710112,1704.5607172687069,50,0.005752798351385572
validation-0126,validation,lhs,1780,913,2557,125,66,3661,244151.13308611116,244519.08724672784,13100.326710088162,661.6664180330424,1296.842349699261,50,0.005311637645531097
validation-0127,validation,lhs,1820,36,962,727,1067,2792,256061.87373559945,256734.02638311064,14888.484323552546,751.9820161981153,1473.8576694234641,50,0.005755865361452905
test-0000,test,dr-edge-crit,2287,2491,90,659,253,3493,289400.8520075098,289362.28277060686,15671.776818640965,351.13455573550783,688.211083274143,250,0.0023780547932052538
test-0001,test,lhs,1991,1011,980,280,1428,3699,302437.26603665185,302182.45058704115,18284.6610016061,409.67762570077804,802.9533920013449,250,0.002654941973665495
test-0002,test,lhs,1792,1338,373,326,1483,3520,278594.929313818,278207.0693243802,17301.62484101202,387.6521738635897,759.784299638098,250,0.0027272007480877492
test-0003,test,lhs,2062,101,1678,1203,499,3481,270873.62592731696,270844.0139078408,14929.937423081858,334.5132466394704,655.6339160555606,250,0.0024204420559995224
test-0004,test,lhs,1902,133,1322,1021,455,2931,246277.08856899818,245943.4412681445,13821.988754137734,309.68906313114644,606.9794104120645,250,0.002464619887862651
test-0005,test,lhs,1740,1213,1395,165,380,3153,247037.90779289042,246522.00736488888,13269.628158815662,297.31312806719643,582.7230234009635,250,0.0023588405059255194
test-0006,test,lhs,1985,187,860,230,1529,2806,252939.74260433277,252670.5373370266,15824.174788788872,354.5491139034896,694.9034943094711,250,0.002747308458348876
test-0007,test,lhs,1646,118,1072,577,1617,3384,256893.57931475353,256659.33333870006,15300.721423009298,342.82086080441275,671.9165406235202,250,0.0026155443137808763
test-0008,test,dr-edge-haste,2034,366,3006,113,256,3741,238731.02369183712,238506.50101338682,12990.497737830507,291.05906144162367,570.4652780524932,250,0.0023895732914414633
test-0009,test,lhs,2262,845,232,1714,212,3003,291276.7731943729,291275.13851089857,18467.4513462307,413.77314130154616,810.9804550805306,250,0.0027842263088356605
test-0010,test,lhs,1906,1945,511,134,109,2699,250422.02042615396,250251.81154536546,13433.937374861294,300.99456408093596,589.9385054024802,250,0.0023557772770883183
test-0011,test,lhs,2196,2009,536,291,343,3179,284449.7311033144,284882.1840204105,14945.879291822346,334.870432749416,656.3339879671422,250,0.0023073812916657548
test-0012,test,lhs,1907,944,337,911,1368,3560,292788.4618152564,292121.44382310216,18902.903911820016,423.5296893261594,830.1029378306848,250,0.0028351627406494693
test-0013,test,lhs,1799,714,915,1084,185,2898,272004.9514026927,271585.2863596476,16500.66333050161,369.7062021075484,724.610841313092,250,0.002663961952076137
test-0014,test,lhs,1778,954,1458,496,547,3455,264150.9160693211,264002.2302570581,13969.315542758277,312.9899987601352,613.4491253630355,250,0.0023223433576965075
test-0015,test,lhs,1682,1618,264,15,730,2627,234113.93030193073,234096.78443152664,13806.353241606766,309.3387410962047,606.2927918402836,250,0.0025897339430351854
test-0016,test,dr-edge-mastery,1748,336,209,2593,105,3243,248450.05760773743,248115.91066378838,15981.443947401402,358.0728136587479,701.8098189251714,250,0.002824752087734332
test-0017,test,lhs,1933,1620,562,879,408,3469,296036.0154580945,295760.5663441231,15796.63684624358,353.93211154738094,693.6941919125856,250,0.0023432763437217044
test-0018,test,lhs,1774,128,882,637,1389,3036,256364.85676705433,256227.33188475945,15449.434821703893,346.1528641749835,678.4471472290999,250,0.0026464124442983628
test-0019,test,lhs,1843,929,1274,79,380,2662,235111.59430207257,234517.68423595608,13050.225537502365,292.3972947922857,573.0881672238639,250,0.0024375155505413203
test-0020,test,lhs,1604,1054,1474,3,422,2953,230661.17531636477,230092.15958758118,13448.340265502511,301.3172685620638,590.5709945634209,250,0.0025603398307210545
test-0021,test,lhs,1891,1623,613,1298,318,3852,313404.2145748417,313456.7280671127,16558.54507282968,371.00307355440236,727.1526626426308,250,0.002320175124731722
test-0022,test,lhs,2271,413,181,1671,924,3189,293877.5168116496,293962.6892835011,18938.19783439753,424.32046857013626,831.6528366692883,250,0.002829930120861565
test-0023,test,lhs,1620,248,1784,108,1514,3654,238556.74533442836,238653.76152926366,13461.884318295444,301.6207303210807,591.1657686820428,250,0.002478092865717539
test-0024,test,dr-edge-versatility,1836,379,434,79,2883,3775,251604.653230997,251106.24334207448,17148.794121209812,384.22791970775876,753.0728848157826,250,0.0029930801165445457
test-0025,test,lhs,2001,1379,268,513,1185,3345,288502.6305159298,288336.7532453037,16445.437932767007,368.4688474844407,722.1856708146217,250,0.002503220402265088
test-0026,test,lhs,1926,863,98,1747,498,3206,275423.7964067991,275321.93557911343,17026.582021714654,381.4896921437538,747.706057406479,250,0.002714747480650227
test-0027,test,lhs,2232,994,273,353,1516,3136,285093.3430261809,283964.15145188704,19052.948781441897,426.8915250161881,836.6920147080033,250,0.0029348002511274613
test-0028,test,lhs,2121,387,156,1186,2052,3781,295908.23885171395,295789.24207618914,19346.5124140729,433.4689754812418,849.5835807353194,250,0.0028711048534240517
test-0029,test,lhs,2183,487,101,1515,671,2774,272931.37938540906,272632.4235697331,17481.23919282726,391.6765296439341,767.671892032045,250,0.002812691943889706
test-0030,test,lhs,1984,388,553,587,1526,3054,267118.8072274987,266789.7009839823,16661.27506701948,373.30479411155324,731.6639520391218,250,0.0027390956093030962
test-0031,test,lhs,1887,136,459,1940,211,2746,248135.56989347984,247965.23199531308,15617.296296982193,349.91389045994464,685.8186232957999,250,0.0027638867881384743
test-0032,test,dr-edge-crit,2206,2052,261,253,408,2974,268931.8933902595,268796.2964045335,14984.210179345453,335.72925682004495,658.0172522153772,250,0.0024467802755565996
test-0033,test,lhs,2169,1043,778,313,912,3046,294636.1645103814,294758.4517215473,15845.732064042284,355.03211620479675,695.8501614249026,250,0.0023617269203230636
test-0034,test,lhs,1606,986,1998,354,31,3369,240736.24152504775,240281.50573110202,12371.286412519883,277.1852999571748,543.2732052008206,250,0.0022567154897792777
test-0035,test,lhs,2219,6,2535,906,160,3607,260108.72842004235,259557.28404428432,13332.852649605302,298.7297066556956,585.4994664169233,250,0.0022509796959655137
test-0036,test,lhs,2239,2008,76,695,1072,3851,318301.19138234644,318383.13666154095,17179.360433185062,384.9127743033867,754.4151751584551,250,0.002370129913375801
test-0037,test,lhs,2247,2563,6,269,829,3667,290603.8050510909,290844.12172389467,15582.204182973479,349.12763284507014,684.2775866873924,250,0.0023546752478588156
test-0038,test,lhs,1760,1995,449,836,604,3884,291709.27000052284,291545.96160329354,15797.369380089796,353.94852436065855,693.7263604355089,250,0.0023781430066801288
test-0039,test,lhs,2295,439,133,1533,1208,3313,302889.62468626077,302871.1908374588,19463.455221332493,436.0891417296993,854.71901221808,250,0.0028218827670423354
test-0040,test,dr-edge-haste,1672,410,2251,214,41,2916,214965.5091490596,214520.26950161852,11714.104947227914,262.46079714403953,514.4137099840237,250,0.002393005799024825
test-0041,test,lhs,1830,362,1560,742,973,3637,264299.64126294013,264537.32904574514,14721.626298607447,329.84592429347566,646.4861323491168,250,0.002446034846131161
test-0042,test,lhs,1678,1261,1237,1082,251,3831,298380.9920169833,298482.7773706136,15529.115094078723,347.9381433660412,681.9462301474729,250,0.0022854881791821973
test-0043,test,lhs,1940,185,2287,228,477,3177,228659.28472966034,228145.86684349645,13078.912252586857,293.04003601258705,574.3479168675923,250,0.0025118066714265867
test-0044,test,lhs,1666,1889,258,1158,368,3673,275912.5034661107,276082.7961509624,15184.26004179614,340.2114811644485,666.8022505049312,250,0.0024167163217626055
test-0045,test,lhs,1707,203,242,171,2203,2819,220168.1001712369,219691.2285277164,14532.062461723177,325.59864496974876,638.1616178386403,250,0.0028985198915842335
test-0046,test,lhs,2071,18,876,837,949,2680,276495.81953771715,276519.9645078937,16868.772302491434,377.9538808384091,740.7759945888017,250,0.002679158027876626
test-0047,test,lhs,1638,392,1432,829,570,3223,240673.8296824566,240152.28698083461,13801.323890289328,309.2260557854756,606.0719326895698,250,0.002518229478831234
test-0048,test,dr-edge-mastery,2044,413,476,2682,289,3860,291855.3936484455,291917.37485683465,17929.5666762387,401.72154710005606,787.3597644788475,250,0.0026977735605162806
test-0049,test,lhs,2111,142,557,2194,686,3579,294512.35320599494,294286.05763252114,17565.96758468644,393.5749146565556,771.3926582872232,250,0.0026192200425211947
test-0050,test,lhs,2096,278,854,1901,379,3412,292366.8952365674,292145.2574306121,17478.478575673522,391.6146765376111,767.5506621712663,250,0.0026252994941517093
test-0051,test,lhs,2178,154,1940,376,619,3089,248715.57924289792,248708.16840890935,13584.98512412879,304.37886982671483,596.5716227798191,250,0.002398609787918439
test-0052,test,lhs,1980,540,9,1371,1337,3257,284437.23348934983,284204.0789368787,18156.620715198696,406.8088144865682,797.3306253405566,250,0.0028031865433342114
test-0053,test,lhs,1750,862,1133,1076,352,3423,289702.90932519815,289966.68681755714,16608.367555606703,372.1193729732877,729.340569300579,250,0.002517546582460715
test-0054,test,lhs,2016,217,1391,1050,165,2823,249350.87234890222,248898.1634352661,14175.688282060748,317.6138905478679,622.5117867394194,250,0.0024965294120502407
test-0055,test,lhs,1807,472,146,401,2245,3264,245706.9321243926,245258.06969165668,16599.10429689643,371.9118246991171,728.9337821579709,250,0.0029666797589126947
test-0056,test,dr-edge-versatility,1953,613,64,207,2724,3608,256843.5888880532,256329.95935023032,16966.79088991351,380.15003980280517,745.080387065251,250,0.002900910979677981
test-0057,test,lhs,1965,1927,352,295,540,3114,265919.1915916939,265598.6178190081,14797.514503289221,331.54624017628,649.8186902432319,250,0.002443669771834284
test-0058,test,lhs,2204,1063,92,1553,45,2753,283903.10497664596,284270.13928987604,18068.48745530271,404.83414158143285,793.4603375635285,250,0.0027948279664951146
test-0059,test,lhs,2127,927,1857,908,180,3872,297656.7597155736,297363.4902665945,15614.699246764692,349.8557021584586,685.7045763205151,250,0.002303675471626249
test-0060,test,lhs,2212,927,1056,633,122,2738,272176.0415572412,271171.24859511986,16448.313175165415,368.5332688307806,722.3119343333395,250,0.002653840985417633
test-0061,test,lhs,1865,875,54,403,2288,3620,266643.5137559003,266821.6858510149,16954.92921734291,379.88427267400044,744.5594930642882,250,0.0027923405395336096
test-0062,test,lhs,2117,1443,192,830,472,2937,280625.6393287382,280266.5319585752,15872.002511965035,355.6207196648304,697.0038030082555,250,0.0024837495414727667
test-0063,test,lhs,1720,782,1192,17,704,2695,231496.46507360035,231011.96192517204,13432.800401184602,300.969089576579,589.8885762913944,250,0.002548153709836776
test-0064,test,dr-edge-crit,2114,3283,133,376,98,3890,272569.61986039643,272582.55456288956,14838.075679544858,332.4550350608327,651.599895487079,250,0.0023905815175616885
test-0065,test,lhs,1871,835,398,1535,122,2890,269127.88121706113,269242.26219111506,16562.970590110486,371.1022296400383,727.3470049994114,250,0.002702607406227006
test-0066,test,lhs,1960,1419,122,2055,91,3687,301047.5850580348,300691.89565793466,18007.580001761937,403.46947745384125,790.7856450212696,250,0.002626779566654969
test-0067,test,lhs,2195,2284,180,792,470,3726,301726.4298785502,301730.2092083508,16521.197684880004,370.16628531862347,725.5125878370903,250,0.0024045377401281055
test-0068,test,lhs,1729,1720,510,56,1252,3538,273380.92615606793,273437.9786282654,15137.936554891668,339.1735786226656,664.7679989026723,250,0.002431654644856858
test-0069,test,lhs,1851,134,143,400,2388,3065,235370.50231234095,235055.85738973043,15993.688642782288,358.3471626188205,702.347533006348,250,0.0029840083022566696
test-0070,test,lhs,2224,829,987,278,1611,3705,312858.55344697717,312688.0837914476,18853.518539145065,422.4231835932915,827.9342264446153,250,0.002646353175653011
test-0071,test,lhs,1915,388,199,1567,1249,3403,279586.49494229007,279092.3236187002,18360.507815328896,411.37701419697134,806.2841322511019,250,0.00288384505988935
test-0072,test,dr-edge-haste,1695,337,2090,127,210,2764,209544.45107391383,209495.73729288328,11927.91269134256,267.25127419787356,523.802872482466,250,0.0024997219911955674
test-0073,test,lhs,1665,465,1985,811,323,3584,245141.57295856782,245330.73666930263,13564.906811644692,303.92900447860467,595.6899028992398,250,0.0024299831958731833
test-0074,test,lhs,2162,774,2050,145,679,3648,272238.77837651497,272091.6181565719,14302.03990254988,320.4448662974804,628.0603972522259,250,0.002307020333391293
test-0075,test,lhs,1816,508,361,1928,58,2855,255998.54920257896,255332.766646069,16406.094577055617,367.58733852162607,720.4579449946899,250,0.0028143047968001217
test-0076,test,lhs,1881,941,1522,303,21,2787,244876.03368046775,244313.24587897735,13302.806257669306,298.05650114709294,584.1800078652832,250,0.00238561528086315
test-0077,test,lhs,2188,1286,1121,40,153,2600,271067.4712912707,271548.5260190489,13885.932730000499,311.1217621681712,609.787448926563,250,0.002249578106962627
test-0078,test,lhs,2027,386,1208,1549,175,3318,292339.1607354056,291980.0679924463,16970.421394008856,380.2313831920945,745.2398171787091,250,0.002549230199963601
test-0079,test,lhs,2075,650,974,535,452,2611,254128.54888729352,253488.86149730586,15290.323023952535,342.5878791026306,671.4599048787679,250,0.0026422057176132604
test-0080,test,dr-edge-mastery,1785,104,173,2858,245,3380,243761.4074936929,243460.35429528673,15192.707764673405,340.4007569213593,667.1732241717873,250,0.0027369928284855746
test-0081,test,lhs,2142,741,243,1521,215,2720,274606.1848965089,274364.2015384174,16840.080824705103,377.3110329072214,739.5160357955792,250,0.0026930057532181272
test-0082,test,lhs,2281,489,1875,683,148,3195,270065.8907508543,270180.7987217131,14515.65168164216,325.23095265000063,637.4409541342225,250,0.0023603164115319
test-0083,test,lhs,1876,323,1236,1635,219,3413,282729.92980505904,282325.2485169995,16322.330874290104,365.7105678849779,716.7795421379866,250,0.0025352092812819735
test-0084,test,lhs,2016,849,874,214,792,2729,254705.28997090232,254551.7838653683,15317.940985172634,343.2066743200182,672.6727212191909,250,0.0026409844934749387
test-0085,test,lhs,1784,954,305,113,1463,2835,244784.72649529573,244548.23137420544,15868.598568619136,355.54445249051173,696.8543220933221,250,0.002846804749914469
test-0086,test,lhs,2078,305,177,112,2119,2713,236716.609917246,236543.5649077122,16061.656937396938,359.87002867349963,705.3322956281208,250,0.0029796485167420178
test-0087,test,lhs,2094,1458,268,386,1039,3151,284138.24833843304,284152.6052626554,16202.245066866646,363.01998103399484,711.5060888104451,250,0.0025040841666729087
test-0088,test,dr-edge-versatility,2289,487,293,62,2262,3104,265150.05603907333,264635.317189495,17343.289407108434,388.58569078866327,761.6139591910118,250,0.0028723884526683937
test-0089,test,lhs,1741,518,1930,107,79,2634,215177.4905044633,215011.1821886718,11706.401094127214,262.288188187999,514.0754026466253,250,0.0023890761131260714
test-0090,test,lhs,1612,602,193,192,2746,3733,240000.94759992874,239533.39525836302,15950.393376658016,357.3771089859795,700.4462628220646,250,0.0029185145718244347
test-0091,test,lhs,2176,33,102,1323,2365,3823,293861.0278661686,293246.51927220856,18919.342057191396,423.89799477989897,830.824803255644,250,0.002827271139996222
test-0092,test,lhs,2107,1773,488,586,429,3276,292458.58510225924,292456.73438563995,16081.822001038963,360.32183772777984,706.2178251027916,250,0.0024147618195439874
test-0093,test,lhs,2150,603,1393,177,451,2624,244423.405346102,244613.10501905615,13488.839765611425,302.22468155950634,592.3494913583002,250,0.0024234565037645926
test-0094,test,lhs,1686,1071,738,757,599,3165,274903.7987634378,274730.25671921525,15043.872222382846,337.06601685808283,660.6372537470653,250,0.0024031579655090967
test-0095,test,lhs,2298,168,1457,649,1384,3658,293540.80360262044,293043.39850451483,16584.20497216453,371.5779973462243,728.2794925689566,250,0.002481016211820629
test-0096,test,dr-edge-crit,2266,2468,591,310,200,3569,297416.630060021,297442.065484069,15646.84869245256,350.57602771307756,687.116388465338,250,0.0023102823413965537
test-0097,test,lhs,1827,2607,211,281,116,3215,247555.87817205998,247648.23527581562,13365.261714143047,299.4558491097362,586.9226794751193,250,0.0023708694934207438
test-0098,test,lhs,1711,960,1355,217,910,3442,257784.01588461993,257539.9651350888,14136.73373434274,316.74109303644786,620.8011350504817,250,0.0024082219873878545
test-0099,test,lhs,2214,571,1167,700,434,2872,268927.9528738074,268492.45122762903,15215.460636337,340.9105472007742,668.172394759552,250,0.0024845777005303997
test-0100,test,lhs,2090,1792,1440,103,416,3751,300991.7592047672,300807.19007761165,14896.61085172029,333.7665469534902,654.1704115631233,250,0.0021733831294633078
test-0101,test,lhs,2022,769,984,433,1141,3327,291540.6681217231,291779.9606823333,17748.018359524922,397.6538598000431,779.3872438669171,250,0.0026733397055312704
test-0102,test,lhs,1632,380,1691,1741,3,3815,281445.7961353909,281180.0666506319,16016.282938596505,358.8533999213735,703.3397398874224,250,0.0024990237891102745
test-0103,test,lhs,2100,2376,338,505,143,3362,280417.8584644232,280468.5651517849,15434.293128277568,345.81360642164367,677.7822142507831,250,0.002417043686027485
test-0104,test,dr-edge-haste,1697,473,2194,213,219,3099,220701.84837436295,220626.78017092522,12387.863275752896,277.556713458922,544.0011622879397,250,0.0024648690815003236
test-0105,test,lhs,2006,354,1923,38,1379,3694,262166.1031836438,262113.78050722415,14687.481444357427,329.0808905409867,644.9866937466161,250,0.002460221538612914
test-0106,test,lhs,1723,918,774,1102,1015,3809,308143.46849243075,307663.6345400504,18837.738691107257,422.06962764399174,827.2412695171606,250,0.0026845977737719956
test-0107,test,lhs,1921,1562,81,773,592,3008,268441.52458750986,268189.3658309066,15562.398524265456,348.68387645088654,683.4078401364976,250,0.002545835042423595
test-0108,test,lhs,1942,12,1650,561,424,2647,228790.52191843314,228596.9557037038,12232.177023662993,274.0684795723412,537.1643494975584,250,0.0023478435426143424
test-0109,test,lhs,1733,1671,1122,311,732,3836,290289.7349555273,290910.7313965449,14890.92819419653,333.6392239672013,653.9208630954823,250,0.002252648937778195
test-0110,test,lhs,1628,993,413,1057,458,2921,257459.16726068553,257438.25868854046,16374.097508489407,366.8704270580535,719.0528243453609,250,0.002792881030401599
test-0111,test,lhs,2145,1408,86,638,955,3087,287693.3819988787,287524.1914712535,16300.406224067008,365.2193343506548,715.8167421022881,250,0.0024881237695800664
test-0112,test,dr-edge-mastery,2084,118,206,2444,373,3141,262535.5689333353,262990.71335948625,16322.725402841836,365.719407508547,716.7968674818267,250,0.0027302847777698276
test-0113,test,lhs,1955,1689,103,955,559,3306,282765.27174150094,282665.7079898023,15781.531909104142,353.59367733834085,693.0308730514366,250,0.002450905193495591
test-0114,test,lhs,1928,12,334,13,3137,3496,239371.57781375086,238826.3287562462,15742.253241556064,352.7136177484817,691.3059879502989,250,0.00288800363963088
test-0115,test,lhs,1754,488,584,801,1029,2902,258297.11640704866,258136.70300486725,16218.759585271468,363.3899976664654,712.2313080840896,250,0.002757410992392533
test-0116,test,lhs,1968,146,1028,914,752,2840,271556.96784258896,271300.4780446783,17179.85822904692,384.9239276863645,754.437035387407,250,0.002778190673511736
test-0117,test,lhs,2047,610,554,1397,873,3434,302704.91472616175,302723.6197811399,18914.83495241132,423.7970106826316,830.6268780619009,250,0.0027440151700652672
test-0118,test,lhs,1821,204,115,102,2365,2786,219919.25584064564,219589.00787150825,14608.798350453722,327.31795366781034,641.5314009666412,250,0.0029171224616706477
test-0119,test,lhs,2235,165,418,1810,275,2668,267518.8724597869,267438.02675355197,16121.926336413064,361.2203968476304,707.9789686164595,250,0.002646463638646212
test-0120,test,dr-edge-versatility,1847,178,184,115,2211,2688,221762.7518414553,221067.16956708021,14682.070761382845,328.95966129018177,644.7490887810604,250,0.0029073822516506764
test-0121,test,lhs,1769,1083,172,1285,422,2962,262997.8534365942,262465.54303325026,17198.506598440028,385.3417543934327,755.2559606854028,250,0.0028717191065115917
test-0122,test,lhs,1649,330,662,1013,841,2846,253264.32864245365,253179.8258650513,16017.390022959378,358.8782047396413,703.388356437892,250,0.0027772894833164668
test-0123,test,lhs,2010,1296,703,256,980,3235,288442.07087216125,288709.9427441695,15554.808758820305,348.5138236898907,683.0745428493265,250,0.002368151569512438
test-0124,test,lhs,1616,419,78,2616,340,3453,243410.82253610075,242789.81478922407,16068.116049352719,360.0147485373214,705.6159413491847,250,0.0028988683986905855
test-0125,test,lhs,1949,448,446,276,2165,3335,259814.32057210244,259472.76614587402,16690.192769395166,373.9527107258647,732.9338452687203,250,0.002820990943281435
test-0126,test,lhs,1838,912,988,467,1108,3475,289839.9399962131,289577.98546570487,17811.978622310908,399.08692375430826,782.1959976060645,250,0.002698717083698969
test-0127,test,lhs,1894,1993,5,602,155,2755,246986.7979352451,246736.08191118075,13813.148401149158,309.49099028624113,606.5911947695625,250,0.002455966067176588
test-0128,test,dr-edge-crit,1811,2984,120,225,225,3554,244036.11283014095,244407.52940913584,13484.236505703464,302.1215430550839,592.1473436041233,250,0.0024264742489824936
test-0129,test,lhs,1974,223,612,837,1301,2973,267522.79627458146,266897.4030494359,16944.029072649937,379.6400490924301,744.0808236400227,250,0.002781373527795774
test-0130,test,lhs,1793,1048,1151,1478,86,3763,308928.7010064955,308500.66131110047,17700.517318025864,396.58957351669676,777.3012810813935,250,0.0025161186984211286
test-0131,test,lhs,1802,349,479,1559,1414,3801,294155.5678742554,294053.7212191075,18202.624487100005,407.8395536424187,799.3508369643743,250,0.0027174424837203078
test-0132,test,lhs,2055,2026,128,326,465,2945,259977.1438996812,259718.05421673888,14949.737758129382,334.9568837541885,656.5034288229987,250,0.0025252351763519923
test-0133,test,lhs,2168,68,817,407,2060,3352,279140.5225168373,279009.6610027663,17115.219874830073,383.4756707303051,751.5985039119128,250,0.0026925453070561533
test-0134,test,lhs,2137,740,250,1379,1180,3549,309402.7010670014,309197.9495455244,19298.29415063006,432.3886194559952,847.4661218344165,250,0.0027390391839239216
test-0135,test,lhs,1876,1233,82,1287,473,3075,275884.4401647051,276355.6362555712,17371.468326587605,389.2170545763773,762.8514094766225,250,0.002765112120934383
test-0136,test,dr-edge-haste,2159,288,1924,237,354,2803,235350.9727443783,234918.49945461372,12971.535794321999,290.63420893850343,569.6325824472667,250,0.002420353635274589
test-0137,test,lhs,1860,1937,1105,165,587,3794,289340.58578450466,288985.4412862787,15132.47071029663,339.05111344620167,664.5279715673362,250,0.002296698092891344
test-0138,test,lhs,1857,713,1216,228,1469,3626,283647.27021695033,283451.39966449275,16636.48105440514,372.7492709756009,730.5751466995938,250,0.002575646668980126
test-0139,test,lhs,2042,2122,945,420,231,3718,300359.72601806035,300004.7074542028,15500.665399892183,347.30071272594176,680.6968890496819,250,0.0022662721732831527
test-0140,test,lhs,1717,827,953,1253,93,3126,277225.8773422384,277115.1768299051,16105.119685232119,360.84383482380156,707.2409206114822,250,0.0025511360172859533
test-0141,test,lhs,2260,409,1713,171,698,2991,255326.35517566567,255242.6104968874,13855.242254143403,310.4341256142499,608.4397060458266,250,0.0023829882568417874
test-0142,test,lhs,1702,498,822,1677,33,3030,264290.1225066619,264079.21851877385,15808.199837773896,354.1911865674605,694.2019696214605,250,0.0026266663431735397
test-0143,test,lhs,2029,251,878,1478,414,3021,277460.61356087244,277601.0922235073,17115.67055679122,383.48576850109635,751.6182951789965,250,0.0027089188823338993
test-0144,test,dr-edge-mastery,2226,71,282,2408,104,2865,262796.7894113876,263074.003690204,16265.380315125041,364.43456009577,714.2786128260379,250,0.002717988353000353
test-0145,test,lhs,1688,264,490,1580,958,3292,263868.0542533591,263583.81261209236,16047.781570156814,359.55914363679256,704.7229721525724,250,0.002670740018706153
test-0146,test,lhs,2253,475,45,117,2651,3288,260093.86107667204,259640.3613006237,17455.047395672675,391.08968839649805,766.5217043219179,250,0.002947096487202203
test-0147,test,lhs,1659,75,669,2304,547,3595,263997.226783357,264161.5205669094,16144.63068968752,361.72910004654307,708.9760085655905,250,0.0026855433945425296
test-0148,test,lhs,2066,602,895,1675,61,3233,298332.6209092413,298376.1532560556,17408.826778286842,390.05409070139245,764.4919701361385,250,0.002562549036059694
test-0149,test,lhs,2129,788,522,1110,850,3270,307350.86150873086,307249.9428105302,18687.258142054543,418.69803032290105,820.6330601945218,250,0.0026700203674919916
test-0150,test,lhs,1639,137,990,431,1959,3517,254917.42497962705,254475.72449560915,15622.70387066011,350.03505004529194,686.0560917195677,250,0.0026912875484066934
test-0151,test,lhs,1996,441,2111,638,343,3533,257819.06109163247,257912.28342338002,14079.202978138126,315.4520856217298,618.2747269407092,250,0.0023980954872881407
test-0152,test,dr-edge-versatility,1625,156,168,346,1980,2650,215178.0575764957,214793.83239806088,14170.085215265333,317.48835083448813,622.2657334224565,250,0.002891864256192764
test-0153,test,lhs,2155,261,2009,810,425,3505,265247.3555840745,265399.7529389605,14932.705616933235,334.57526950576323,655.7554786397664,250,0.0024722413431636035
test-0154,test,lhs,1657,1696,1633,332,237,3898,280671.4651225219,280367.4937251667,14718.373143192612,329.7730356035367,646.3432731418927,250,0.0023028464003625863
test-0155,test,lhs,1917,319,1354,714,497,2884,243016.8477520994,242929.7330414386,13912.65039623763,311.72038579413464,610.9607296742662,250,0.002514067379795433
test-0156,test,lhs,1764,1734,59,1682,284,3759,290993.73145115946,290629.76221637113,17999.338896788133,403.28483108175254,790.4237447819393,250,0.0027162913126690647
test-0157,test,lhs,2251,120,33,1706,1127,2986,278949.42260915245,278671.104313132,17860.24654443118,400.1683924088273,784.3156372202703,250,0.002811676862006656
test-0158,test,lhs,2275,602,142,1113,1531,3388,301565.99149944156,301008.5600186875,20458.790204132543,458.39015526747454,898.4281955902354,250,0.002979209264025712
test-0159,test,lhs,2058,538,1974,157,392,3061,241865.96849093132,242101.33621202793,13352.973098244029,299.18051608692457,586.3830366664147,250,0.0024244131587631804
test-extra-0000,test,outside-primary-low-extreme-crit,1459,2749,74,74,74,2971,211853.0347268526,211882.46460590037,12323.199770267247,276.1078929752103,541.1615263185421,250,0.002554419515473428
test-extra-0001,test,outside-primary-high,2502,66,956,281,1325,2628,279958.08162659284,279660.11335306294,17244.20861411023,386.3657325392602,757.2629209730704,250,0.002704915380807278
test-extra-0002,test,outside-budget-low,2170,398,1658,287,36,2379,235148.13575569735,234697.06281737334,12981.396412415093,290.8551413696798,570.0656020555813,250,0.002424282889692309
test-extra-0003,test,outside-budget-high,2261,136,3241,429,429,4235,263442.5483537997,263392.36350947485,14126.30815975669,316.5075024523728,620.343305918364,250,0.0023547574596236125
test-extra-0004,test,outside-primary-low,1412,171,2030,1202,182,3585,225713.38405544375,225551.86396618202,12458.566597428155,279.1408592601777,547.1060310060376,250,0.002423897161861025
test-extra-0005,test,outside-primary-high-extreme-haste,2501,86,3210,86,86,3468,244759.8644596757,244463.05867192897,13127.945202893976,294.1386455334943,576.5011519625978,250,0.002355374535098979
test-extra-0006,test,outside-budget-low,2033,174,1504,581,30,2289,227774.5353364654,227768.41504961907,12616.851418561693,282.68731547835773,554.0569574694998,250,0.00243247980574762
test-extra-0007,test,outside-budget-high,2052,1260,2586,74,360,4280,281877.0918645216,282121.66784865217,13970.517416738101,313.0169273905541,613.5019045088329,250,0.0021764872783762786
test-extra-0008,test,outside-primary-low,1369,875,158,679,1273,2985,231681.57950045943,231622.6942298816,15986.96787407939,358.19658019539764,702.0523968796036,250,0.0030302469380316505
test-extra-0009,test,outside-primary-high,2546,63,315,2996,365,3739,307415.4459536443,307517.53363369196,18410.937954385332,412.50692848034726,808.4987235531179,250,0.002629987315845648
test-extra-0010,test,outside-budget-low-extreme-mastery,1887,62,62,2295,62,2481,228392.99284176808,228236.21656756225,15348.140604104074,343.88331296154473,673.9989085877189,250,0.002951048980100143
test-extra-0011,test,outside-budget-high,2152,1636,40,129,2467,4272,310518.1435036373,310201.9906189263,18623.908062372735,417.27863784798905,817.851102062534,250,0.0026338271021285877
test-extra-0012,test,outside-primary-low,1387,0,1090,8,1822,2920,216871.55165899743,216766.9973958804,12948.785994810252,290.12448749229657,568.6335467701108,250,0.0026219831159054637
test-extra-0013,test,outside-primary-high,2399,1534,93,19,2157,3803,308464.8051261865,308319.69976672647,19961.70069892303,447.2525985888399,876.5989856146613,250,0.002841812002688809
test-extra-0014,test,outside-budget-low,1830,193,8,1235,997,2433,239675.50685368793,239463.27018977684,15817.302979050724,354.3951473247522,694.601725360189,250,0.0028980922351161016
test-extra-0015,test,outside-budget-high-extreme-versatility,1929,104,104,104,3859,4171,242439.4631710342,242136.2630482211,15780.942868859116,353.5804795760743,693.0050059127062,250,0.0028584661789314834
test-extra-0016,test,outside-primary-low,1511,314,337,555,1398,2604,220338.84306481798,219993.94189859793,14823.951063989954,332.13856548209884,650.9796265102832,250,0.002954447874262378
test-extra-0017,test,outside-primary-high,2543,131,550,1536,598,2815,299477.1906263584,299468.55667013285,18267.985103245912,409.30399326394866,802.2210858813788,250,0.00267873851829426
test-extra-0018,test,outside-budget-low,2205,849,649,816,38,2352,282559.2767044227,282603.1976491119,17398.856862521097,389.83070939730436,764.0541508251122,250,0.002704049075070247
test-extra-0019,test,outside-budget-high,2280,1108,690,986,1609,4393,365999.8675240265,366003.107709231,22500.809765705933,504.1426975512198,988.1015307072731,250,0.0026997319354013375
test-extra-0020,test,outside-primary-low-extreme-crit,1490,2671,72,72,72,2887,212094.0100597996,212112.74117408012,12232.347931393486,274.07230885160624,537.1718547470081,250,0.0025327063908855947
test-extra-0021,test,outside-primary-high,2417,576,1133,950,430,3089,292585.7668690029,292038.5090886711,16407.90972077248,367.628007789061,720.5376552941752,250,0.002462654499583966
test-extra-0022,test,outside-budget-low,1918,792,466,1006,55,2319,258716.91407711033,258467.8759859192,15777.911815847492,353.51256720947003,692.8719001199979,250,0.0026781082427161608
test-extra-0023,test,outside-budget-high,1717,1411,56,2764,62,4293,289593.33070783626,289257.99282886746,17426.85252367689,390.45796718410287,765.2835534968045,250,0.002642614564452386
test-extra-0024,test,outside-primary-low,1473,1272,255,889,763,3179,252408.69329734586,252121.9270454989,14561.928117373423,326.2678009850402,639.4731395292312,250,0.0025334830238034254
test-extra-0025,test,outside-primary-high-extreme-haste,2408,67,2479,67,67,2680,230264.63936373923,230112.48513570605,12730.794019086117,285.24026048756065,559.0606377442668,250,0.0024279048632436465
test-extra-0026,test,outside-budget-low,2284,302,77,1025,803,2207,260600.18867855155,260546.3662126786,17141.161520839178,384.0569072073088,752.737706473846,250,0.0028884772121264366
test-extra-0027,test,outside-budget-high,1858,452,1483,854,1403,4192,293799.854056542,293490.56811552134,16555.104961234054,370.9259960110715,727.0015934336186,250,0.0024744790829395943
test-extra-0028,test,outside-primary-low,1517,654,1086,709,513,2962,235604.5082132968,235152.5733256616,13786.637230383747,308.896993301951,605.4269820729124,250,0.0025696748617594746
test-extra-0029,test,outside-primary-high,2497,1822,1039,91,204,3156,305672.6475590067,305781.1297968153,15531.87636684183,348.00001116164333,682.0674887987097,250,0.002231365790316728
test-extra-0030,test,outside-budget-low-extreme-mastery,1721,61,61,2294,61,2477,220063.40226604717,219837.1815314774,14446.73239760238,323.68677916776136,634.41442972181,250,0.002882871132542204
test-extra-0031,test,outside-budget-high,1890,311,2063,100,1707,4181,268872.0435971211,268616.9551442143,14943.241724899879,334.8113366494485,656.2181617395278,250,0.0024406336670792284
