sample_id,split,sample_kind,primary,crit,haste,mastery,versatility,total_secondary,simc_dps,simc_median_dps,simc_stddev,simc_mean_stddev,simc_mean_error,simc_iterations,simc_relative_mean_error
train-0000,train,dr-edge-crit,2097,2926,270,79,395,3670,222860.01194457858,222931.49082737986,6653.600417129794,336.0575695898656,658.6607334201755,50,0.0029554908826980274
train-0001,train,lhs,1834,888,812,695,232,2627,202258.5509360666,202268.8697799152,6402.220858291227,323.3609845394061,633.7758839835941,50,0.003133493644893802
train-0002,train,lhs,1669,1893,483,898,277,3551,218783.93122215034,218307.4807860891,6861.135078855205,346.539652921101,679.2052392414516,50,0.0031044566913453783
train-0003,train,lhs,2177,395,640,619,1959,3613,239956.68658871306,239515.34819040957,8001.365804924759,404.1300013868896,792.080248141545,50,0.0033009300945181595
train-0004,train,lhs,1935,565,1827,717,235,3344,219781.9460677353,219471.34464189617,6256.853724952661,316.0188355575954,619.3855364037387,50,0.002818182054921146
train-0005,train,lhs,1918,1532,313,1508,309,3662,240698.83322137108,240597.17103249233,7299.164084431278,368.6634586496181,722.5671016895279,50,0.0030019551487604507
train-0006,train,lhs,1757,2300,57,392,424,3173,198497.5953575614,198199.14360524178,6747.8533342370465,340.8180607922336,667.9911247296726,50,0.003365235349709876
train-0007,train,lhs,2149,895,309,1844,406,3454,241498.32718801426,241414.51988880616,7568.419865062776,382.2629292466331,749.2215742803044,50,0.00310238825669799
train-0008,train,dr-edge-haste,2075,181,2851,325,411,3768,218349.3890889298,218012.7803165947,6459.1498883458435,326.2363347678341,639.4114668767502,50,0.002928386791209795
train-0009,train,lhs,1778,309,1170,1139,8,2626,198811.6316469715,198763.58580143395,6344.5252740224905,320.44691747648153,628.0644174891956,50,0.0031590929176842403
train-0010,train,lhs,2196,822,478,89,1384,2773,213664.49983515005,213710.5299738873,7301.100713588801,368.7612731931845,722.7588146721672,50,0.0033826808628939385
train-0011,train,lhs,1710,1398,232,1909,333,3872,230267.9646299582,229827.94408040505,7674.174604515062,387.6043502044423,759.6905669885185,50,0.0032991587353861625
train-0012,train,lhs,2011,1153,1695,26,243,3117,215451.6695196106,215300.35958318075,5945.813102130703,300.30891172746016,588.5946514831568,50,0.002731910375981479
train-0013,train,lhs,2106,18,38,1638,987,2681,204406.89333745194,204531.694856549,7389.700529718251,373.2362396786856,731.5295878196612,50,0.003578791183974364
train-0014,train,lhs,1826,260,602,597,1511,2970,201969.7740234814,201809.08708622187,6547.332310521065,330.6902196750879,648.1409208901239,50,0.0032090986090560743
train-0015,train,lhs,2006,547,54,1635,664,2900,211130.41387522026,211528.5170844778,6958.558197636655,351.46026348786563,688.8494587385327,50,0.0032626728006399314
train-0016,train,dr-edge-mastery,1717,225,484,2033,105,2847,192989.22280173193,192856.26576712768,6317.679376197117,319.090994876527,625.4068580262829,50,0.0032406309997361693
train-0017,train,lhs,1848,99,281,89,3248,3717,196132.88650408125,196130.78009844787,7018.41538560553,354.48350802469054,694.7749091497936,50,0.003542368246007211
train-0018,train,lhs,2042,203,419,808,1876,3306,220508.603964121,220290.43311240472,7408.293651389182,374.17533413703853,733.37017913693,50,0.003325812081492552
train-0019,train,lhs,1912,2805,62,493,421,3781,220570.68235773096,220122.8487593817,7009.359383294356,354.0261108357854,693.8784271325123,50,0.0031458325273127216
train-0020,train,lhs,1818,184,1060,571,1348,3163,210590.78756486508,210403.03321571296,6527.5454766053235,329.690833643657,646.1821602609986,50,0.003068425583725807
train-0021,train,lhs,2120,992,426,1073,158,2649,217463.4773334939,217091.42700222332,6956.405893173183,351.3515556963443,688.6363953822175,50,0.0031666760958032063
train-0022,train,lhs,1721,1553,192,196,813,2754,190016.13867694547,189472.46865112957,6127.0671367574105,309.46362294188634,606.5375557602509,50,0.0031920317925807937
train-0023,train,lhs,2071,1417,480,994,477,3368,239535.27570064168,239984.15338880185,7629.707509413235,385.35842274114447,755.2886300466141,50,0.0031531415480972134
train-0024,train,dr-edge-versatility,2299,104,438,290,2858,3690,228169.21649236206,228137.33910440758,7392.761723181084,373.39085329697787,731.8326249431677,50,0.003207411745517677
train-0025,train,lhs,2167,870,141,671,1353,3035,223519.96892739486,223145.2721484638,7437.467800549053,375.64885118748805,736.2582194876969,50,0.0032939259208954745
train-0026,train,lhs,1836,1016,319,758,1089,3182,216777.17561436887,216436.0464980323,6786.538421579145,342.77195276297584,671.8206826237071,50,0.0030991301585127583
train-0027,train,lhs,1775,2020,328,1206,120,3674,228096.8386402619,227989.2025424797,6892.228803247439,348.11012316182195,682.2833043534212,50,0.002991200178050121
train-0028,train,lhs,2200,483,644,1080,831,3038,233638.33227818878,233861.5343712334,7457.710686687036,376.67127133455625,738.262126153907,50,0.003159850179357008
train-0029,train,lhs,2164,487,362,2704,231,3784,240182.6460519357,240261.09693739336,7976.738109833794,402.88611494375994,789.6422755110724,50,0.0032876741450351275
train-0030,train,lhs,2080,933,626,720,1496,3775,252295.19205764093,251767.40751781638,8155.052539439954,411.8923536836119,807.2941790851766,50,0.003199800093299983
train-0031,train,lhs,1954,582,472,1394,1449,3897,248742.61831952818,248740.8415623554,8276.07136659255,418.00472749295784,819.2742116168511,50,0.003293662409569208
train-0032,train,dr-edge-crit,1753,2352,179,174,248,2953,190099.99913038244,190432.26241645843,5506.888823883825,278.1398879006189,545.1441631908765,50,0.0028676705191196905
train-0033,train,lhs,1629,709,1888,155,832,3584,208150.91910397352,207941.8034661948,6055.180464235286,305.8327976835056,599.4212690165117,50,0.0028797435610509827
train-0034,train,lhs,2111,379,1196,152,992,2719,206602.2803334676,206443.63469353243,6197.873027637632,313.0398604839834,613.5468525460283,50,0.002969700293509488
train-0035,train,lhs,1760,1017,1570,328,820,3735,227642.3480202335,227450.42665993312,6991.829202024272,353.1407029749636,692.1430596129037,50,0.0030404846270140565
train-0036,train,lhs,1824,93,494,2639,663,3889,224088.87528912153,223462.67948260202,7100.7637818313115,358.6427301240539,702.9268346718626,50,0.00313682164616579
train-0037,train,lhs,2282,257,978,1429,161,2825,228415.91127336377,228504.9485534554,7021.592040471622,354.64395332449794,695.0893761590444,50,0.0030430865007787253
train-0038,train,lhs,1876,1753,407,913,213,3286,221743.868648464,221776.3358907893,6905.138157977144,348.7621440382589,683.5612417889723,50,0.0030826612972674285
train-0039,train,lhs,2275,974,1507,718,243,3442,249455.68393807986,249308.19703281746,7386.91611468909,373.0956054823457,731.2539498597181,50,0.002931398227996403
train-0040,train,dr-edge-haste,2236,106,2030,450,270,2856,209758.5468010766,209150.26357671586,6367.975912684648,321.6313535922792,630.3858696191767,50,0.0030052928914357886
train-0041,train,lhs,1775,1764,1342,100,250,3456,219829.3247924914,219378.7516242742,6174.898327928542,311.87946291541044,611.2725151028693,50,0.0027806686650194735
train-0042,train,lhs,1822,1200,718,264,653,2835,205173.2753665424,204919.09382718618,6372.194644606301,321.8444317315513,630.803495098228,50,0.0030744915192843537
train-0043,train,lhs,1622,1152,163,2259,46,3620,213240.4239842705,213290.06389437732,7203.969910655795,363.8554268063256,713.1435324359755,50,0.003344316800310714
train-0044,train,lhs,1957,816,659,2003,256,3734,243469.20062312632,242878.17920047042,8054.878453456211,406.8327982908784,797.3776327332375,50,0.0032750657195754445
train-0045,train,lhs,1853,1637,1293,96,383,3409,223327.00730332537,222913.63807298464,6638.682519260035,335.3041019652403,657.1839640117383,50,0.002942698117649261
train-0046,train,lhs,2158,120,2108,38,339,2605,193724.36585265683,193298.75536110377,5822.699574328048,294.0907395585276,576.4072579769772,50,0.002975398863431469
train-0047,train,lhs,2122,331,1031,2100,73,3535,242247.9338618624,242337.2198517961,7855.289073051655,396.7520122668153,777.6196551814608,50,0.0032100156347458658
train-0048,train,dr-edge-mastery,1927,133,492,2226,220,3071,207083.95180618737,206963.09960655266,6937.724985043692,350.4080273522667,686.787113808613,50,0.0033164671034063816
train-0049,train,lhs,2142,1292,361,164,1205,3022,222101.8622124152,221984.17784502814,6883.953310934833,347.6921476809719,681.4640874641711,50,0.003068250219408013
train-0050,train,lhs,1610,2663,24,847,298,3832,209517.2102239815,209184.67373209322,6692.517094426779,338.02315861971897,662.5132171288029,50,0.003162094495342661
train-0051,train,lhs,1983,1417,1051,130,983,3581,238384.96027253705,238378.21223512018,7270.610629935652,367.2212914138925,719.740505846569,50,0.0030192362178541603
train-0052,train,lhs,1815,1042,1205,107,976,3330,217151.8285198367,217310.82615390065,6279.141863550974,317.14455655351634,621.5919090133623,50,0.002862476053046821
train-0053,train,lhs,1968,369,1113,1283,76,2841,214788.66288616965,214729.83350618026,6616.339822698278,334.1756253760394,654.9721905385276,50,0.0030493797099786384
train-0054,train,lhs,1644,1152,1251,370,193,2966,198708.33201099053,197981.68453923747,6023.530296690489,304.23422281946154,596.2881198550056,50,0.003000820920896387
train-0055,train,lhs,1733,898,197,421,1893,3409,206909.38128482393,206484.45993279666,6901.7047526153865,348.5887308801259,683.2213582444357,50,0.0033020318073637175
train-0056,train,dr-edge-versatility,1804,303,80,431,2883,3697,201350.40049404252,201355.26832065865,7078.02964695988,357.4944829146254,700.6763114950364,50,0.0034798853629087654
train-0057,train,lhs,1892,243,609,756,2152,3760,227000.4758820598,226622.20334119973,7725.15884273448,390.17944310291233,764.7376563286019,50,0.003368881291358739
train-0058,train,lhs,2248,469,689,506,1267,2931,225836.45675414213,225592.3889530973,7506.679037260273,379.14454653126023,743.109656465452,50,0.00329047695463289
train-0059,train,lhs,2155,735,1827,53,218,2833,209896.8608939975,209602.2752839913,6522.15061532696,329.4183520012648,645.6481060552247,50,0.0030760255456192417
train-0060,train,lhs,2290,1584,394,875,131,2984,234353.53337902267,234187.2524657799,7093.548422413606,358.2782994402712,702.2125636564706,50,0.0029963813795833585
train-0061,train,lhs,1614,383,1280,892,880,3435,209997.03146901153,209918.09590454816,6507.893256698045,328.69824664638514,644.2367254939605,50,0.0030678372974478362
train-0062,train,lhs,1685,386,796,285,1447,2914,193124.0408529307,193464.9376156697,6002.5735370682305,303.17574661656187,594.2135446179099,50,0.0030768491690292455
train-0063,train,lhs,1790,24,107,1856,1014,3001,198351.81373641122,198250.8259002154,6596.991335212127,333.1983791826708,653.0568231946472,50,0.003292416695833653
train-0064,train,dr-edge-crit,2266,2605,150,251,73,3079,216886.45514258998,216981.41266953864,6431.384666354762,324.8339792856167,636.6629006368634,50,0.0029354663951619074
train-0065,train,lhs,1762,604,903,28,1223,2758,194270.87172471758,193750.27540055226,6202.490863184765,313.2730964003964,614.0039865423017,50,0.003160556088986656
train-0066,train,lhs,1933,80,463,1963,1065,3571,228665.2898598143,228891.69339057006,7121.987354351931,359.7146824133635,705.027822552986,50,0.003083230616177955
train-0067,train,lhs,2053,21,787,1513,838,3159,225946.15063298546,225620.34117001586,7129.783014213166,360.10842269562806,705.7995393258293,50,0.003123751112150131
train-0068,train,lhs,1796,1107,1049,710,266,3132,217974.09631199684,218385.89445818978,6574.288927732608,332.05173444852596,650.8094408116646,50,0.002985719183256205
train-0069,train,lhs,2050,304,2108,780,33,3225,217866.49027392405,217921.74538111375,6436.581638270686,325.09646600585853,637.1773651551855,50,0.0029246230769773766
train-0070,train,lhs,1708,32,1091,351,1470,2944,194739.83009767698,194473.43018414982,6103.001724359408,308.24813606340933,604.1552452536989,50,0.003102371224986017
train-0071,train,lhs,1712,459,1805,128,668,3060,194349.00720713768,194773.63254149523,6114.154381315786,308.81143030355946,605.2592816775815,50,0.0031142905763984407
train-0072,train,dr-edge-haste,2118,110,2555,281,169,3115,202765.93365905152,202495.56763868238,6158.169384399672,311.0345236717425,609.6164646154215,50,0.003006503378622191
train-0073,train,lhs,2184,1042,555,269,1679,3545,242116.30239617935,242407.59356331715,7744.393573216961,391.15094369994506,766.6417625105894,50,0.0031664194229107274
train-0074,train,lhs,2055,947,1427,1106,69,3549,245371.67542035316,244455.46848036582,7493.818186069534,378.49497545348856,741.8365205470562,50,0.0030233176640139703
train-0075,train,lhs,1725,998,505,558,1639,3700,224872.36598650916,224684.83079236362,7472.992989385638,377.4431441824367,739.7749691370677,50,0.003289754905595867
train-0076,train,lhs,1674,100,178,2025,939,3242,198727.41234854423,198625.1082755735,6690.7773388182195,337.9352876919747,662.3409932750596,50,0.0033329120801582845
train-0077,train,lhs,1665,1674,1044,375,660,3753,227979.96895128637,228203.08559026665,6659.456525161633,336.3533477113424,659.2404478859419,50,0.0028916595213099843
train-0078,train,lhs,1980,693,660,258,1283,2894,210275.65528532147,210156.24491559088,6648.417705263452,335.79580311089234,658.1476805488006,50,0.003129928092035975
train-0079,train,lhs,2289,1479,1050,821,511,3861,275011.66143989726,275133.6253042305,8250.212905799239,416.6986779945295,816.7144016367702,50,0.0029697446186850514
train-0080,train,dr-edge-mastery,1601,295,214,2452,299,3260,191789.9235959378,191263.14834017702,6468.178201714725,326.6923334539636,640.3052078789578,50,0.003338575853588378
train-0081,train,lhs,2226,211,1597,1020,406,3234,231965.65051397262,231903.9562738754,7349.07032821367,371.1841046069095,727.5074769857855,50,0.003136272441086977
train-0082,train,lhs,1726,1199,1363,29,346,2937,198613.6398779751,198668.41247387364,6135.263482545677,309.8776009195887,607.3489376873,50,0.0030579417307917273
train-0083,train,lhs,1691,338,727,579,1444,3088,200949.0100057521,200371.30150278707,6683.378559156243,337.5615928868683,661.6085649155168,50,0.0032924201263622973
train-0084,train,lhs,2255,2083,628,347,470,3528,246160.32423074168,246252.5725312639,7742.209882916217,391.0406506842545,766.4255921719937,50,0.003113522029056049
train-0085,train,lhs,1631,115,1664,176,758,2713,179308.19872410645,179076.64979022622,5730.623218951838,289.440181324709,567.2923313266459,50,0.003163783560167895
train-0086,train,lhs,1903,1637,67,1152,175,3031,212258.65983296002,212036.15869427513,6755.312050067953,341.19478283101773,668.7294863581993,50,0.0031505404155687477
train-0087,train,lhs,2143,113,1460,487,1391,3451,232718.2946194188,232850.47346417615,7256.689859135454,366.5181863115951,718.3624451681089,50,0.0030868327148190025
train-0088,train,dr-edge-versatility,1867,430,137,455,2573,3595,208592.44064021984,208368.5514798294,6754.738135390211,341.1657957624139,668.6726727476932,50,0.0032056419240092194
train-0089,train,lhs,2220,460,520,159,1982,3121,219573.51642890906,219661.15269641037,7233.042925113179,365.3238357829222,716.0215611459558,50,0.003260965041645999
train-0090,train,lhs,1758,509,216,1122,1354,3201,207687.51893920678,207337.71902570894,7292.923278541663,368.34825035214567,721.9493047785799,50,0.0034761323572357044
train-0091,train,lhs,2243,1092,820,406,1066,3384,248914.8736990744,248208.67306523447,8302.458940789726,419.3375012539497,821.8864001890931,50,0.003301877416866268
train-0092,train,lhs,2223,142,127,1613,791,2673,210452.85222792096,210321.32932587963,7085.445089760193,357.8690193353113,701.4103893908048,50,0.003332862358316606
train-0093,train,lhs,2168,706,1059,328,715,2808,217985.52021681843,217813.2494750678,7026.604599835542,354.89712580430705,695.5855851015668,50,0.0031909715122807485
train-0094,train,lhs,2110,67,944,1496,432,2939,221553.2614408907,221318.13717567403,6711.271369720308,338.9703925651685,664.3697615476407,50,0.002998690956869038
train-0095,train,lhs,1940,1034,1270,519,425,3248,224722.32234339166,224772.996144662,6779.966484415733,342.440019810563,671.1701059914074,50,0.00298666415953913
train-0096,train,dr-edge-crit,1728,3133,198,87,304,3722,199956.3165108235,200069.9529141812,6399.113171631515,323.20402266005715,633.4682443529881,50,0.0031680331754796
train-0097,train,lhs,2128,1068,426,314,1724,3532,236891.39186001118,237044.23359036233,7469.586434718026,377.27108718915446,739.4377436267968,50,0.0031214209086320908
train-0098,train,lhs,2241,1042,1210,294,848,3394,244276.81149189014,244142.27990256328,7686.1663230822205,388.21002345565074,760.8776647478126,50,0.003114817407763132
train-0099,train,lhs,1660,72,1639,237,673,2621,178237.72265643853,178040.36758965702,5817.9365787468205,293.8501719532242,575.9357541345265,50,0.00323127868529082
train-0100,train,lhs,1649,608,189,1396,915,3108,201644.37790830707,201286.59113933984,6859.361970062544,346.4500974031672,679.0297136516068,50,0.0033674616703689066
train-0101,train,lhs,1941,1387,448,60,1926,3821,233993.30720740344,233870.9477798272,7936.5701547775125,400.8573268432819,785.6659239001094,50,0.0033576427175488516
train-0102,train,lhs,2263,217,1623,331,538,2709,210410.725281581,210419.9680232012,6378.38441516224,322.157062355415,631.4162398617367,50,0.0030008747843853845
train-0103,train,lhs,2064,477,2,1706,1068,3253,224717.83559711318,224149.8161775236,7502.776327973992,378.947429945451,742.7233150563391,50,0.0033051373651886507
train-0104,train,dr-edge-haste,1751,222,2670,617,333,3842,210127.10293915993,209886.47802569196,6263.817397533384,316.3705541364377,620.0748921512687,50,0.0029509515120988692
train-0105,train,lhs,1877,854,99,1099,874,2926,210159.20137901252,210331.1485293679,6937.347032871459,350.3889378848417,686.7496991399594,50,0.003267759368296407
train-0106,train,lhs,1850,747,1610,248,834,3439,219321.41594520336,218711.05481210462,6707.85403600192,338.79779114760777,664.0314689853911,50,0.003027663605597444
train-0107,train,lhs,2119,813,1741,1292,35,3881,259112.13765166132,259244.12277514004,7977.010891825621,402.89989251491755,789.6692790543478,50,0.0030475966360014504
train-0108,train,lhs,1635,585,1525,408,1311,3829,221191.09506738558,221224.75866860096,7197.717701739054,363.5396425690098,712.5246067036767,50,0.003221307831070717
train-0109,train,lhs,2100,532,658,1428,170,2788,219011.9002800054,218874.21795113143,7013.610728341676,354.2408361866514,694.299281086964,50,0.003170144088970995
train-0110,train,lhs,1949,53,144,567,1952,2716,190507.9030856372,190306.36848474725,6375.19760336899,321.996104053317,631.1007673864722,50,0.0033127274888054355
train-0111,train,lhs,2274,118,2041,825,729,3713,245932.75451760183,245848.563439408,7252.568491389547,366.3100258058169,717.9544580735991,50,0.00291931206756851
train-0112,train,dr-edge-mastery,1632,211,82,2042,330,2665,178525.6172546192,178345.93139359332,6002.843573359005,303.18938550887424,594.2402763556429,50,0.0033285994777327533
train-0113,train,lhs,2001,732,384,320,1824,3260,217421.79413863993,217094.93354576462,6868.706258678779,346.9220552493032,679.9547340326644,50,0.0031273531557700625
train-0114,train,lhs,1796,255,2457,506,273,3491,204132.0000587386,203824.9944460795,6213.10672434875,313.809278358767,615.054883870334,50,0.0030130253154495774
train-0115,train,lhs,1900,1012,355,1169,165,2701,207341.53439290173,207238.0047605101,6551.315678133809,330.89141012158296,648.5352469194625,50,0.0031278597837060516
train-0116,train,lhs,1809,777,1912,494,133,3316,211710.30396393177,211610.2388097483,5908.539006412662,298.4262855956871,584.904772066892,50,0.002762760059928589
train-0117,train,lhs,2090,431,1226,639,568,2864,215776.57749088047,216006.20714811422,6637.0826043996785,335.2232940618774,657.0255834314107,50,0.0030449346776722282
train-0118,train,lhs,1841,970,114,1091,968,3143,215301.60145754676,215012.89789916293,7571.8852324038935,382.43795672850507,749.5646218412302,50,0.0034814632904113796
train-0119,train,lhs,1951,212,840,1833,487,3372,226703.5157669785,226746.32360650905,7284.910693034971,367.9435536702442,721.1561138570386,50,0.003181053948004461
train-0120,train,dr-edge-versatility,1734,525,70,349,2302,3246,193281.95898726708,193515.94373819593,6334.445360637988,319.93780496877054,627.0665753095609,50,0.003244309911774386
train-0121,train,lhs,1805,466,676,1236,690,3068,213411.31378874776,213092.66124330918,7011.930370505098,354.1559652994325,694.1329372046054,50,0.003252559224164262
train-0122,train,lhs,1612,1553,200,1204,247,3204,204128.04382861682,204364.87092576292,6245.216402485577,315.4310620125005,618.2335214237766,50,0.003028655494013538
train-0123,train,lhs,1828,986,2248,370,104,3708,222703.01765510152,222733.78166812894,6377.980649598177,322.136669114818,631.3762698446209,50,0.0028350593381829634
train-0124,train,lhs,1715,2442,47,72,438,2999,186483.82391053988,186404.80021609383,5996.758618992096,302.88204890201337,593.6379076747978,50,0.003183321186933501
train-0125,train,lhs,1923,90,438,2641,169,3338,209174.63210668927,209085.81729155776,7294.594218491042,368.43264556422855,722.1147163548032,50,0.0034522098070978776
train-0126,train,lhs,2061,474,156,2275,118,3023,211893.00249542829,211815.0600796545,7227.322475052968,365.03490942370684,715.4552758874585,50,0.0033764931709006994
train-0127,train,lhs,1621,93,362,997,2051,3503,202363.13650806693,202340.47029015882,6972.112876970259,352.1448781788371,690.1912788767186,50,0.003410657152219051
train-0128,train,dr-edge-crit,2137,2381,37,224,239,2881,204320.10401185244,203955.40321968324,6759.094170633221,341.38580876665816,669.1038903123336,50,0.003274782447612299
train-0129,train,lhs,2279,673,547,1117,899,3236,247020.36194279997,247371.08414499156,8170.837963591556,412.68963800229074,808.8568276359183,50,0.003274454062306075
train-0130,train,lhs,2180,505,783,365,981,2634,213253.3987121321,212719.28650799033,6812.874385046638,344.10211978847195,674.4277620882579,50,0.0031625651275019482
train-0131,train,lhs,2224,1512,185,444,618,2759,217277.00248278514,217212.09717938915,6696.848635596416,338.241934486436,662.9420099484448,50,0.003051137499013361
train-0132,train,lhs,1698,83,1397,713,861,3054,198713.79189394275,198769.81732922903,5828.019671417401,294.3594450391313,576.9339110416423,50,0.002903341059233386
train-0133,train,lhs,1931,833,854,1673,401,3761,247559.81791728313,247215.50504488943,7534.8233697534715,380.56604998539666,745.8957520406937,50,0.003012992004582581
train-0134,train,lhs,2249,2,340,2361,95,2798,210799.66837251413,210628.08293555301,6681.6577316399125,337.47467797215046,661.4382148128749,50,0.0031377573784604628
train-0135,train,lhs,2086,1182,968,482,242,2874,223543.80958036878,223005.07077986593,6723.371005243429,339.5815164457602,665.5675423442239,50,0.002977347230476262
train-0136,train,dr-edge-haste,1787,261,2601,311,259,3432,198510.34647974183,198418.22870193585,6229.292948713112,314.62680614518473,616.6572088887839,50,0.0031064235180895943
train-0137,train,lhs,1862,393,996,190,1226,2805,200031.56504390016,199625.98255307178,6536.531016210621,330.1446719284803,647.071666954452,50,0.0032348477942090873
train-0138,train,lhs,2169,577,179,2757,86,3599,231667.24218573273,231680.79137672007,7446.577931513938,376.1089822862571,737.1600598698509,50,0.0031819779650972555
train-0139,train,lhs,1925,1228,559,176,1164,3127,216686.56526333728,216098.78722221038,6650.9389091193325,335.92314313540993,658.3972624107562,50,0.003038477542946014
train-0140,train,lhs,2040,559,382,1933,645,3519,235141.55507000274,235183.15260727794,8056.515131828214,406.915463031983,797.5396526486658,50,0.003391742699036053
train-0141,train,lhs,2206,434,530,1734,918,3616,251689.37613105195,251193.5743066634,8017.385538197982,404.93912010333935,793.6660916857068,50,0.0031533555523315113
train-0142,train,lhs,1747,1083,360,28,1699,3170,201873.1136153867,201632.1011482513,6493.735716914357,327.9831829045306,642.835226312654,50,0.0031843528580898514
train-0143,train,lhs,1939,2012,309,722,563,3606,231925.09786172264,231508.61565073841,7086.959260636524,357.94549651349195,701.5602819057445,50,0.0030249433475458775
train-0144,train,dr-edge-mastery,1851,103,143,2440,329,3015,195554.34661805554,195448.67963449933,6446.665116394828,325.60575856011053,638.1755602195562,50,0.0032634179257902186
train-0145,train,lhs,2087,1020,527,233,1487,3267,227866.84979385286,227496.28056666214,7593.425051994248,383.5258819069246,751.696916009752,50,0.0032988427965270025
train-0146,train,lhs,1914,776,1287,554,985,3602,234888.53949316632,234793.67357201426,6718.486922172089,339.33483299864434,665.0840516720802,50,0.002831487875513951
train-0147,train,lhs,2181,1139,106,502,922,2669,214026.782869677,213993.213949822,6549.15860130469,330.7824612891965,648.3217111317326,50,0.003029161595754593
train-0148,train,lhs,1780,112,1225,505,1902,3744,222508.35472672118,222208.52975829184,6914.851318084467,349.2527327081616,684.5227779136312,50,0.0030763913505825156
train-0149,train,lhs,2044,1160,1563,184,196,3103,220584.7776628636,220206.3200940818,6591.440157557066,332.91800237099477,652.5072947414184,50,0.0029580794361916242
train-0150,train,lhs,2008,571,382,1970,399,3322,225709.23488167315,225603.45923451715,7062.861534381041,356.728377538747,699.1747725492867,50,0.0030976790688950996
train-0151,train,lhs,1740,447,162,123,2140,2872,182836.18496187252,182741.3239513212,5950.070229222264,300.5239291156613,589.0160778202677,50,0.0032215509087716817
train-0152,train,dr-edge-versatility,2131,60,309,176,2997,3542,209129.42339754957,208930.8404727913,7291.75516160736,368.28925153746957,721.8336692266329,50,0.0034516122002328
train-0153,train,lhs,2237,1675,22,986,472,3155,233356.71059997557,232644.10792418022,7064.388548937549,356.8055034207382,699.3259365003323,50,0.002996810911082518
train-0154,train,lhs,1937,2657,291,40,754,3742,221524.11393366588,221147.57160267275,6634.825793264786,335.1093078863532,656.8021746325487,50,0.002964924057112917
train-0155,train,lhs,1647,359,341,1754,1338,3792,221009.03445799535,220644.98658388655,7233.806664014197,365.362410422634,716.0971660505412,50,0.003240126213874943
train-0156,train,lhs,1661,627,261,344,2357,3589,201997.45766082298,201842.30726990587,6828.453016226449,344.8889594848183,675.9699395553868,50,0.003346427956981608
train-0157,train,lhs,2198,4,248,2105,1106,3463,234722.94662372037,234115.47681207987,8271.65432186022,417.78163304416967,818.8369545318816,50,0.003488525371337224
train-0158,train,lhs,2209,1273,915,1113,590,3891,276167.91917028534,276263.5542703431,8530.02689424827,430.8314186161841,844.4140642703384,50,0.0030576109882975654
train-0159,train,lhs,2173,279,21,58,2259,2617,190082.0662275509,190050.624877151,6524.890795787823,329.5567520145184,645.9193650967819,50,0.003398107869490115
train-0160,train,dr-edge-crit,1865,2256,573,334,132,3295,214209.68394992032,213886.0320016533,6181.448006456976,312.2102716369853,611.9208882832152,50,0.0028566443729326216
train-0161,train,lhs,1792,391,887,780,947,3005,208621.39958522815,208298.63055790344,6564.063052268448,331.5352497425062,649.7971493888514,50,0.0031147195382676433
train-0162,train,lhs,1857,1596,401,4,1648,3649,224732.88528076166,224858.15820554676,7268.451237040961,367.1122256025296,719.5267407842583,50,0.0032016976059616037
train-0163,train,lhs,1807,378,44,487,2494,3403,199295.6968866788,198678.22498811604,6768.386082116565,341.8551211680909,670.0237257170475,50,0.0033619578153663223
train-0164,train,lhs,1681,678,278,813,1070,2839,195260.1524785651,195489.59048492697,6770.462493454389,341.9599957779128,670.2292761752823,50,0.0034324938686548317
train-0165,train,lhs,2229,2714,898,114,119,3845,246667.452027482,246373.24860961133,6746.820572696577,340.7658984573326,667.8888884318718,50,0.002707649034934127
train-0166,train,lhs,2245,1057,469,1622,563,3711,262412.18166547694,262144.83042001474,8483.181102484412,428.4653488285928,839.7766526996954,50,0.003200219773982302
train-0167,train,lhs,1840,1406,675,530,789,3400,227176.78153578393,227227.920413785,6789.828460315776,342.93812481305,672.1463738572339,50,0.002958693090523251
train-0168,train,dr-edge-haste,2053,305,2006,123,293,2727,195622.59999724897,195561.13181209122,6243.9917899131315,315.3692097371931,618.1122931917585,50,0.0031597182186539332
train-0169,train,lhs,1603,197,901,962,1128,3188,203262.23349056626,203033.1239835453,6403.825117337417,323.4420118572876,633.9346946084761,50,0.003118802168617802
train-0170,train,lhs,1816,492,2672,36,135,3335,195819.0968010059,195270.5863898621,5876.518021809381,296.8089816418835,581.7349145639776,50,0.0029707772330047296
train-0171,train,lhs,1772,255,671,97,2259,3282,197321.66446657252,197151.89284665853,6443.436810023565,325.4427044653342,637.8559800661212,50,0.0032325694281490204
train-0172,train,lhs,2278,1090,359,726,520,2695,223431.47172160435,223112.55721832206,7230.906829542733,365.21594666412756,715.810102358701,50,0.0032037120681485754
train-0173,train,lhs,2083,73,2312,563,907,3855,234111.1370487868,233764.29012440224,7106.094440741272,358.9119690571557,703.4545332842121,50,0.003004788845810518
train-0174,train,lhs,1868,341,2673,357,42,3413,202456.41751508816,202354.92606473767,6219.49657441998,314.1320145242051,615.6874351313817,50,0.0030410862875487623
train-0175,train,lhs,2159,892,85,1021,1670,3668,245610.05926876876,245541.460021756,8246.00482335871,416.4861377352802,816.2978303831921,50,0.003323552108628927
train-0176,train,dr-edge-mastery,2284,147,170,2793,187,3297,221056.78172645904,220878.31360893525,7332.896270817376,370.36719134517944,725.9063564135917,50,0.0032838004369024317
train-0177,train,lhs,2022,349,1415,91,1616,3471,225853.4117251893,225328.31747068724,7371.737033133437,372.32894608947527,729.7513250606165,50,0.003231083911845232
train-0178,train,lhs,1653,1599,345,1232,305,3481,217066.5252431194,216941.89769684745,6755.660393973142,341.212376855128,668.7639700118139,50,0.00308091710254625
train-0179,train,lhs,2163,183,2824,371,92,3470,213829.96023390745,213680.48226594322,6456.236975520677,326.08921045271404,639.1231085177369,50,0.0029889315221244186
train-0180,train,lhs,2105,1620,749,54,933,3356,233666.10597196966,233662.8473277643,7179.534652626712,362.62125990258227,710.7246097526549,50,0.0030416247439751178
train-0181,train,lhs,1905,629,317,1996,158,3100,213241.76132853923,213071.88772084907,7082.013015842207,357.695673425244,701.070637650055,50,0.0032876798300775765
train-0182,train,lhs,2108,816,1280,741,538,3375,238674.43556372338,238755.09961750836,7278.436411744432,367.616553084255,720.515204485292,50,0.003018820188192809
train-0183,train,lhs,1745,327,1028,2051,286,3692,225838.56725051557,225638.1777140446,7090.572398543759,358.1279875360325,701.9179577375845,50,0.003108051765839309
train-0184,train,dr-edge-versatility,1872,289,141,373,2282,3085,194417.82895477442,194482.72603804112,6940.444750036076,350.5453962286487,687.0563518590378,50,0.003533916387981378
train-0185,train,lhs,1859,2136,1007,386,37,3566,229409.00717127073,228982.928537731,6529.432745961362,329.78615514076995,646.3689869623752,50,0.002817539707496372
train-0186,train,lhs,2035,867,368,133,1986,3354,219543.0143616716,219407.60770142215,7195.417046032867,363.4234419082226,712.2968575934532,50,0.0032444523897263563
train-0187,train,lhs,2046,30,1370,364,1215,2979,210155.7743128459,210301.1839523284,6593.825618094928,333.0384863226073,652.7434389473987,50,0.0031059981153584667
train-0188,train,lhs,2021,411,708,772,889,2780,214629.76838808856,214700.83356527842,7243.971276734833,365.8758008928409,717.1033928825989,50,0.003341118048387161
train-0189,train,lhs,1703,1876,337,201,746,3160,201336.17013509228,201592.42874071398,6664.039917883729,336.5848440023877,659.6941722791464,50,0.003276580516240602
train-0190,train,lhs,1651,434,310,1718,588,3050,198249.06729770813,198009.24609154856,6379.136572206636,322.19505202303003,631.4906982420798,50,0.0031853400717077682
train-0191,train,lhs,1843,108,2418,173,177,2876,184059.8505393042,183847.14620960702,5518.737840184807,278.7383535989627,546.3171344061329,50,0.002968149397086858
train-0192,train,dr-edge-crit,1810,1942,261,420,166,2789,195687.17516130817,195590.91553710398,5932.593603364888,299.6412262116605,587.2860119186104,50,0.003001147169887351
train-0193,train,lhs,1967,2111,20,823,733,3687,232523.76870237105,232545.30297981336,7415.6003172754545,374.5443764938991,734.0934888654671,50,0.003157068599748622
train-0194,train,lhs,1693,2394,303,562,335,3594,211065.5283183,211389.05675267428,6324.317901815247,319.42629105378853,626.0640264581607,50,0.0029662069000392
train-0195,train,lhs,1916,104,591,1989,54,2738,199852.89025615898,199745.74584639026,6309.6524427404975,318.6855735137193,624.6122467562644,50,0.0031253600883913934
train-0196,train,lhs,1975,594,1187,1080,646,3507,240633.2043200334,240447.92246711088,7904.141782370141,399.21944669813223,782.4557378031998,50,0.0032516532371923293
train-0197,train,lhs,2191,207,112,1968,1039,3326,229258.57804029383,228804.4059128246,7668.316252880148,387.30845876389776,759.1106304214605,50,0.003311154753337262
train-0198,train,lhs,1977,1070,1940,310,318,3638,232137.85470052934,231478.08203175725,6571.058383107781,331.88856730487305,650.4896390865027,50,0.00280216959842965
train-0199,train,lhs,2230,219,1648,338,1068,3273,227914.1638382086,227459.74672365258,7189.69468041146,363.13441879855645,711.7303827075566,50,0.0031228001398491355
train-0200,train,dr-edge-haste,1910,231,2312,137,90,2770,187646.6694404495,187722.9073453525,5278.51246599433,266.6051399487369,522.536472624419,50,0.0027846829052846486
train-0201,train,lhs,2074,811,821,450,834,2916,221291.513685276,221344.06233414623,6682.704990322359,337.5275725232944,661.5418862281414,50,0.002989458905184208
train-0202,train,lhs,2185,184,2814,280,345,3623,218984.3184042972,218446.52695732235,6449.452455003907,325.746540419535,638.4514875938271,50,0.0029155123629222325
train-0203,train,lhs,1738,1423,385,602,334,2744,196155.61011386648,195971.37340237142,6258.9251295240065,316.1234572875225,619.5905912264869,50,0.003158668726664613
train-0204,train,lhs,1971,138,321,894,1338,2691,199805.61441170843,199315.91919022173,6830.93785091039,345.01446258875706,676.2159211191637,50,0.0033843689683603706
train-0205,train,lhs,2134,549,2298,118,398,3363,219709.47173514005,219426.91178429837,6497.872221207873,328.19210792141297,643.2447118213943,50,0.0029277058778641382
train-0206,train,lhs,1767,419,15,3125,161,3720,204121.90160503695,204116.9762898381,6783.7498693358075,342.63110960576466,671.5446351079818,50,0.0032899195521281124
train-0207,train,lhs,1666,1048,320,1029,488,2885,199998.12526117216,199613.19056929302,6560.018008627371,331.3309441861633,649.3967178564003,50,0.003247014025798345
train-0208,train,dr-edge-mastery,2066,291,246,2044,82,2663,202748.65686757865,202130.25256739755,6811.921922516396,344.0540131660463,674.3334748408438,50,0.003325957790592278
train-0209,train,lhs,1689,464,2630,460,90,3644,203740.38870436823,203750.11703893146,6484.205171017489,327.50181764509597,641.891767740335,50,0.003150537661296671
train-0210,train,lhs,2178,907,66,60,2832,3865,227792.2446739885,228059.41326347477,7460.904447166992,376.83258059833213,738.5782865014206,50,0.003242332887840227
train-0211,train,lhs,1671,242,227,1784,871,3124,198128.82455831295,197819.2483218473,6631.864086571872,334.95971910875,656.5089860158251,50,0.003313546060142312
train-0212,train,lhs,2240,593,224,2373,187,3377,233981.8074025236,233498.3029070779,7723.845741023042,390.11312145115915,764.6076682797129,50,0.0032678081974311063
train-0213,train,lhs,1920,177,1449,2226,10,3862,239272.5993458076,239220.12324868838,7176.029091392738,362.44420232255317,710.3775832724543,50,0.0029689048608770472
train-0214,train,lhs,2012,2655,266,329,326,3576,221702.51987861804,221564.969890362,6546.464521159447,330.64638969349926,648.0550157047289,50,0.0029230836711262396
train-0215,train,lhs,2014,311,1202,1554,141,3208,228296.3171896537,227893.01516146315,7113.945519977311,359.308508440544,704.2317361944494,50,0.0030847266607871714
train-0216,train,dr-edge-versatility,2216,225,237,178,1989,2629,198148.0432206457,197855.6265595827,6720.543357594347,339.4386986723694,665.2876246519015,50,0.0033575281079666146
train-0217,train,lhs,2048,1353,1810,695,17,3875,253457.596756769,253057.0862152396,7643.994355460268,386.08001743554627,756.7029296597037,50,0.0029855208103542266
train-0218,train,lhs,1649,171,1769,1229,248,3417,205979.03699903193,206055.75147742382,6224.9300335240505,314.40644565118987,616.225310256747,50,0.0029916894419680347
train-0219,train,lhs,1676,467,1088,602,989,3146,203766.55650210154,203863.72168332367,5806.229143803362,293.2588571933085,574.776798501051,50,0.0028207612101209703
train-0220,train,lhs,1784,1099,406,312,1471,3288,212567.02099158918,212784.81647541214,7152.02589468209,361.23185781082077,708.0014316915507,50,0.003330720957507161
train-0221,train,lhs,1920,1088,867,210,863,3028,216429.3543466286,216676.38436234975,6742.911215018744,340.5684460770412,667.5018888776674,50,0.0030841559865701523
train-0222,train,lhs,2024,117,1015,1671,154,2957,216417.19453287128,216459.55373105378,6660.756188463956,336.4189906209375,659.3691056246458,50,0.0030467500840119024
train-0223,train,lhs,1696,810,617,369,1073,2869,197811.06805220697,197824.3876640261,6551.565250276024,330.90401541830835,648.5599528470696,50,0.0032786838432918193
train-0224,train,dr-edge-crit,1721,2812,361,187,368,3728,208615.61324774404,208351.93822767623,6675.492862863177,337.163305078068,660.8279351544408,50,0.0031676820582439646
train-0225,train,lhs,1846,215,1173,408,926,2722,195229.68309890438,195139.45461769795,6138.413448147413,310.036698207981,607.660762642725,50,0.0031125428930542333
train-0226,train,lhs,2150,236,1378,65,1611,3290,224210.278058457,224235.0216671212,6952.226037125623,351.14044108522904,688.2226183476381,50,0.0030695408984248345
train-0227,train,lhs,1871,783,2424,302,143,3652,218074.68428318895,217577.9809223909,5825.0983158914605,294.2118943032278,576.6447169132509,50,0.0026442533612220094
train-0228,train,lhs,2038,58,1239,685,992,2974,213798.35057788744,213818.90184765117,6463.27438615657,326.44465336575934,639.8197638261745,50,0.002992631898687572
train-0229,train,lhs,2068,694,53,23,3098,3868,216598.69511377145,216521.40357584096,8060.402550389103,407.11180731953414,797.9244803810068,50,0.00368388406015967
train-0230,train,lhs,1956,928,335,1820,274,3357,227817.91594636725,227364.2079496315,7514.8499050636865,379.5572376764011,743.9185162470252,50,0.003265408311531381
train-0231,train,lhs,1893,276,2005,830,698,3809,229966.82212860376,229733.33135620947,7027.1981906640485,354.92710666859904,695.6443465158305,50,0.003024976994841487
train-0232,train,dr-edge-haste,1627,193,2339,87,145,2764,172853.77451100052,172804.62224766423,5431.406780285928,274.32746898019803,537.6719594095603,50,0.003110559552029583
train-0233,train,lhs,1684,1155,564,956,297,2972,205556.8091293999,205896.35674008023,6564.07615482094,331.5359115213432,649.7984464515382,50,0.0031611623531404604
train-0234,train,lhs,2192,274,425,1889,54,2642,212024.7890284505,211379.08398855932,7078.751553259767,357.5309446889134,700.747775259485,50,0.0033050275794188166
train-0235,train,lhs,2031,469,761,884,1702,3816,247353.9131352389,246914.07134295572,7720.062090317624,389.9220182317703,764.2331128522151,50,0.003089634213445317
train-0236,train,lhs,2195,35,1388,1334,768,3525,248360.77767388136,248289.01972267657,7678.254334481351,387.8104076847689,760.0944322288827,50,0.0030604447262077383
train-0237,train,lhs,1787,676,1176,2020,27,3899,241742.79545868875,241202.88294803194,7575.350945884792,382.61300169307594,749.9077036676163,50,0.0031020891532453857
train-0238,train,lhs,2257,161,640,1844,669,3314,239204.8375940348,239059.87745486433,7493.551903795467,378.4815261676527,741.8101604311885,50,0.0031011503274450815
train-0239,train,lhs,1731,1,2079,867,244,3191,197941.6798026569,197799.35259192716,6167.077465064273,311.48444968926367,610.4983034058615,50,0.0030842332146241947
train-0240,train,dr-edge-mastery,2208,328,152,2507,179,3166,219107.9473267098,219130.84670147777,7009.804585717095,354.04859695379395,693.9224991139807,50,0.0031670348226998787
train-0241,train,lhs,1755,294,1251,155,1050,2750,189481.83595839082,189395.04529037175,5919.286044154273,298.9690929717415,585.9686549749729,50,0.003092479297612719
train-0242,train,lhs,1617,503,189,94,1990,2776,176195.37623256817,176111.31703590372,6127.575028949715,309.489275371407,606.5878335982497,50,0.00344270006721168
train-0243,train,lhs,1625,150,2495,197,430,3272,185385.28400145567,184955.05316968038,5636.847630648112,284.70379886761447,558.0091922896182,50,0.0030099972351917462
train-0244,train,lhs,1798,1607,335,1346,547,3835,238193.93188082436,237437.82720598127,7403.49307275419,373.9328683008655,732.8949548303387,50,0.003076883399351367
train-0245,train,lhs,1655,1633,438,247,338,2656,187262.98509240043,186895.96411086625,5871.656606266508,296.5634430778456,581.2536678214342,50,0.003103943192695708
train-0246,train,lhs,1645,135,1898,274,601,2908,183925.80651939026,183575.07576344584,5667.8060880692865,286.26743709458503,561.0738669006892,50,0.00305054455118857
train-0247,train,lhs,1991,2712,431,512,29,3684,228969.4401509671,228532.7285863237,7099.155600764867,358.5615047142354,702.7676357939183,50,0.0030692638953502284
train-0248,train,dr-edge-versatility,2161,212,99,142,2184,2637,192746.28347808856,192325.79726385424,6287.170615416646,317.55006975985066,622.3867002933853,50,0.003229046438989514
train-0249,train,lhs,2213,183,143,1181,1322,2829,217662.16408202538,217523.3642460776,7485.197429290248,378.0595614836605,740.9831248474493,50,0.003404280794379182
train-0250,train,lhs,1640,1276,833,225,673,3007,200673.59471763374,200436.59079193103,6424.351505089405,324.47875099819436,635.9666659869171,50,0.0031691596838227813
train-0251,train,lhs,1680,38,196,609,1843,2686,178805.3928322125,178924.58305531528,6249.108115416319,315.62762319848326,618.618774269232,50,0.003459732195268471
train-0252,train,lhs,2084,1170,471,181,1312,3134,223189.1975629159,222940.0071253511,6844.834684978262,345.71635870350104,677.5916122255603,50,0.0030359516483074887
train-0253,train,lhs,1978,380,660,466,1352,2858,207642.59371460575,207509.32567580603,6444.809505661525,325.5120360649132,637.9918675043468,50,0.0030725481515667947
train-0254,train,lhs,2037,1076,241,815,800,2932,218812.47107944416,218874.3249404477,7916.812020259437,399.85939035032993,783.7100043141983,50,0.003581651449974517
train-0255,train,lhs,1931,1031,493,1317,21,2862,216590.73347696546,216413.22753895103,7281.756697268902,367.78425282781416,720.8438899430304,50,0.003328138181958244
train-0256,train,dr-edge-crit,2015,2628,603,376,158,3765,234064.13864075232,234226.70858785856,7088.450989905798,358.020840219349,701.7079528557516,50,0.002997930212337017
train-0257,train,lhs,1735,822,4,1561,1292,3679,224330.89640866447,224516.88166022403,7697.707901255209,388.7929611836304,762.0202017003887,50,0.0033968580070763573
train-0258,train,lhs,2129,2208,768,169,341,3486,235157.79057099883,234879.8209475637,7193.753459020334,363.3394180755329,712.1321739074652,50,0.003028316315518615
train-0259,train,lhs,2030,373,1929,787,712,3801,239321.55703513534,239017.63350387957,7190.864923121725,363.1935249811324,711.8462286967203,50,0.002974434219447321
train-0260,train,lhs,2201,1410,321,1448,282,3461,249589.01028757344,249162.98266577523,7907.925900803687,399.41057354135893,782.830339532569,50,0.0031364775982347997
train-0261,train,lhs,1888,730,498,223,1869,3320,213340.09411735783,213040.74815405408,7284.361958594004,367.91583839565294,721.1017929169939,50,0.0033800575363031275
train-0262,train,lhs,1927,1938,127,15,902,2982,202774.21437285104,202823.1126136437,6519.484751718325,329.2837055558802,645.3842038715076,50,0.0031827725525534895
train-0263,train,lhs,1706,44,644,717,1362,2767,190899.88815253752,190531.06712515728,6019.181593031,304.0145801161047,595.8576280667683,50,0.003121309466617662
train-0264,train,dr-edge-haste,2253,471,2389,81,451,3392,223578.07071791383,223366.68898113488,6962.425022298359,351.65556762643354,689.2322478163271,50,0.003082736359622337
train-0265,train,lhs,1984,791,442,1063,779,3075,224158.76132816297,223513.83460439093,7205.708530785784,363.9432403837416,713.3156438851408,50,0.0031821894431369744
train-0266,train,lhs,2049,1026,1045,74,704,2849,213179.1802474901,213186.82203960922,6570.010481559204,331.83564028408625,650.3859040319056,50,0.003050888474553852
train-0267,train,lhs,2260,176,712,1544,679,3111,235186.0118644528,235468.82586868195,7316.497626371418,369.5389347244649,724.2830032663148,50,0.0030796176929253276
train-0268,train,lhs,1964,487,1776,51,573,2887,200591.04979358404,200405.8620478596,6049.030664535316,305.52218589273497,598.812481093158,50,0.002985240277217549
train-0269,train,lhs,1823,696,2030,110,373,3209,203705.7805900659,203650.8122103291,6006.173738515073,303.3575842491833,594.5699398290398,50,0.002918768127771211
train-0270,train,lhs,1884,1358,147,1785,130,3420,226225.3623938821,225355.17853858403,7374.570773058832,372.47207156928715,730.0318458464421,50,0.003227011499158879
train-0271,train,lhs,1999,197,754,409,1457,2817,205138.00574256186,205324.61141850505,6716.973717895077,339.2584046411018,664.9342548438328,50,0.0032413996247886542
train-0272,train,dr-edge-mastery,2020,471,316,2665,398,3850,234196.24996721096,234138.94386647106,7676.286824564794,387.7110334273368,759.8996622632392,50,0.0032447131940397432
train-0273,train,lhs,1990,62,1184,1171,194,2611,204934.29597855135,204447.09817044795,6706.2663998783555,338.7176034141057,663.8743039156557,50,0.0032394495062219235
train-0274,train,lhs,2228,681,112,930,2104,3827,249053.44554058943,249068.73653189137,8350.505275418816,421.7642076130488,826.64265725609,50,0.003319137607037716
train-0275,train,lhs,1783,110,808,898,1105,2921,202972.14160857932,202621.23875985874,6567.848272810825,331.72643225063484,650.1718602194236,50,0.003203256639392634
train-0276,train,lhs,1896,891,1679,599,337,3506,227533.852855061,227364.17940771766,6608.769388979014,333.7932607317955,654.2227696065158,50,0.0028752766298176104
train-0277,train,lhs,1961,125,421,1448,1226,3220,219783.51520769158,220138.85586933623,7637.391358409305,385.74651572191124,756.049278311907,50,0.0034399726366986785
train-0278,train,lhs,1899,337,110,1409,1634,3490,221598.9173510822,221255.80084541315,7592.7082171462525,383.48967627963833,751.6259542842017,50,0.0033918304442498264
train-0279,train,lhs,1885,1150,631,858,541,3180,224729.60549076955,224510.19552635148,7140.905513407133,360.6701937387563,706.9005903384062,50,0.0031455605895567736
train-0280,train,dr-edge-versatility,2003,133,294,181,3277,3885,210286.06433404278,209951.84380639915,7095.996643166047,358.4019532614064,702.4549206925537,50,0.0033404730024177583
train-0281,train,lhs,2175,2253,9,200,732,3194,218957.7253829453,219183.4267349315,6575.886591785459,332.13242866894234,650.9675985775112,50,0.002973028685966681
train-0282,train,lhs,2287,391,830,1942,64,3227,241545.67320060852,241759.18559725524,7679.530733719916,387.8748755817039,760.2207869850905,50,0.0031473169314596328
train-0283,train,lhs,1997,2421,445,691,15,3572,231990.85109734532,231945.55287361503,6525.906918808187,329.60807397724835,646.0199542953932,50,0.0027846785821063163
train-0284,train,lhs,2101,532,1896,361,161,2950,212331.373175471,212534.38083010202,6613.170822643673,334.01556670259714,654.6584813030283,50,0.0030831924247106783
train-0285,train,lhs,1859,79,1038,301,1306,2724,196391.8662329551,196495.4119050464,6112.688063060531,308.737370047726,605.1141262433978,50,0.003081156759952709
train-0286,train,lhs,2172,744,1563,6,831,3144,224508.30257336612,225012.0358547715,6589.353352617161,332.81260280499333,652.3007153879778,50,0.0029054636639765925
train-0287,train,lhs,1691,92,450,1507,1047,3096,201772.76255835456,201521.58039651095,6849.677818079407,345.96097386478743,678.0710491319667,50,0.003360567801790701
train-0288,train,dr-edge-crit,2298,2871,384,430,92,3777,244106.66289856605,244185.28614150436,6866.620959929307,346.81673175740667,679.7483037817298,50,0.0027846364196301614
train-0289,train,lhs,2232,613,882,674,513,2682,219729.93698875123,219390.7590680454,6865.067290447546,346.73825959838695,679.5945011761938,50,0.003092862586179983
train-0290,train,lhs,2060,1057,1602,338,216,3213,225394.2339741409,225144.24231488653,6468.335486884182,326.70027755467095,640.3207780302406,50,0.0028408924520389616
train-0291,train,lhs,1611,147,1582,575,1077,3381,202160.84524932716,202004.92340426228,6145.787365301606,310.40913726681225,608.3907297847938,50,0.003009438989209107
train-0292,train,lhs,2094,1102,542,1567,559,3770,257534.8500223756,257479.40925542917,8104.345378657338,409.331255309033,802.2745185079127,50,0.003115207586228458
train-0293,train,lhs,1883,692,1369,440,1020,3521,227399.50352250697,227077.88575698138,6793.588232775389,343.1280219989008,672.518565502432,50,0.0029574319868111284
train-0294,train,lhs,2033,401,339,1590,740,3070,219725.7206727069,219429.3143034653,7090.792103316926,358.1390843028158,701.9397070008342,50,0.003194617839239725
train-0295,train,lhs,2124,935,1237,311,119,2602,210195.34497662593,210451.0027462806,6433.562458261324,324.94397438741265,636.8784870749548,50,0.003029936210746136
train-0296,train,dr-edge-haste,2270,316,2498,406,90,3310,221813.8985974355,221684.79916454438,6313.304491792971,318.8700298458786,624.9737745241772,50,0.0028175591271601356
train-0297,train,lhs,2140,1657,69,319,865,2910,214849.83971833537,214518.27119707144,6575.525835184595,332.114207709026,650.9318861522956,50,0.0030297061752787746
train-0298,train,lhs,2136,605,331,934,950,2820,220226.5322684436,219824.51895257685,7295.357188171524,368.47118135243636,722.1902451118399,50,0.003279306256484714
train-0299,train,lhs,1636,904,493,957,449,2803,197623.06155251068,197407.3273435305,6817.860686077144,344.3539660221654,674.9213716361579,50,0.003415195404493942
train-0300,train,lhs,1724,191,1677,940,703,3511,214353.07031455464,214138.9668188385,6339.126614094367,320.17424397330325,627.529987243191,50,0.0029275530615088256
train-0301,train,lhs,2147,901,14,696,2020,3631,236368.16802410144,236257.55843203363,8069.627202142801,407.5777225916144,798.8376575345361,50,0.0033796329861687725
train-0302,train,lhs,1902,650,266,522,1700,3138,209182.8262795247,208573.60666743421,7165.818157678317,361.9284722888594,709.3667709802207,50,0.003391132931879959
train-0303,train,lhs,2205,18,1637,1484,162,3301,236019.72569235318,235790.59745421953,6935.144203593769,350.277678204838,686.5316341741241,50,0.0029087892215797413
train-0304,train,dr-edge-mastery,2153,279,371,1996,168,2814,213407.58166231753,213372.02800151077,6948.058998946744,350.92997387424697,687.8101101940038,50,0.0032229881658204177
train-0305,train,lhs,1881,119,1027,950,1442,3538,228822.44239745426,228646.04690648,7979.1912248649005,403.0100159632975,789.8851170471215,50,0.003451956498546269
train-0306,train,lhs,1710,811,850,1724,363,3748,232873.91869342828,232673.97329230563,7119.85739909196,359.6071034270814,704.8169716142863,50,0.0030266033034904065
train-0307,train,lhs,1986,182,1304,660,778,2924,208879.2908228325,208808.91071827625,6285.194750342826,317.4502735032502,622.1911032245697,50,0.0029787112967187375
train-0308,train,lhs,2069,266,1735,189,1239,3429,222967.94333464612,222734.87347464045,7374.338817305727,372.460356034576,730.0088838203386,50,0.0032740530898860624
train-0309,train,lhs,1656,352,992,400,1808,3552,210873.4503034926,210440.0005281679,6989.951798457731,353.0458797754689,691.9572095569129,50,0.003281386104135141
train-0310,train,lhs,2152,273,959,576,2015,3823,246514.2278849558,246801.04960942167,7507.03961427975,379.16275842094683,743.1453511133438,50,0.0030146144402673496
train-0311,train,lhs,2261,1654,78,1688,377,3797,260673.94816026685,260698.23252396318,8220.971583302751,415.2217681782346,813.8197115871353,50,0.0031219832949581326
train-0312,train,dr-edge-versatility,1718,373,479,147,2758,3757,203490.7259368997,202739.61828002505,6843.16922143602,345.6322400917483,677.4267427760225,50,0.003329030056072852
train-0313,train,lhs,2029,455,1614,910,60,3039,218087.9205983995,218092.25189926242,6535.906701174866,330.1131392573818,647.0098640547352,50,0.00296673865420625
train-0314,train,lhs,2079,485,264,2045,472,3266,224255.0097356661,223957.7818677179,7433.894699281879,375.4683823206391,735.9045070081854,50,0.0032815521395736526
train-0315,train,lhs,1952,72,438,2429,619,3558,222286.816605182,221874.3001185745,6901.847833690219,348.5959575657169,683.2355222879279,50,0.003073666413161455
train-0316,train,lhs,2005,2186,255,262,245,2948,206475.3928253154,206590.29656545742,6459.517095901735,326.25488155018223,639.4478179021977,50,0.0030969686467345312
train-0317,train,lhs,2295,1731,236,196,569,2732,216037.97772842977,215723.20848911244,6714.311984614265,339.1239668087752,664.6707615341963,50,0.003076638508298387
train-0318,train,lhs,1763,2482,337,390,157,3366,206139.98701714425,206533.46089948717,5828.205709565086,294.36884138454474,576.9523275402472,50,0.0027988375078934263
train-0319,train,lhs,1771,1585,168,448,975,3176,207714.4713022729,207107.5932748421,6472.230920881252,326.89702668288476,640.7063992357002,50,0.0030845534989390475
train-0320,train,dr-edge-crit,1819,2228,165,355,264,3012,197731.81320327168,197796.19460242134,6148.68591167687,310.555535966636,608.6776659639592,50,0.0030782991168863054
train-0321,train,lhs,1972,657,823,1033,476,2989,222691.15916601435,222209.8767759615,7207.692727989659,364.04345747646096,713.5120657775931,50,0.0032040430722518084
train-0322,train,lhs,2127,1028,1125,401,1285,3839,259651.95774843,259827.3179706124,7902.978013862216,399.1606675121547,782.3405327155922,50,0.0030130353705000042
train-0323,train,lhs,1658,337,425,1013,967,2742,192539.02234930647,192194.02518659856,6662.169389908691,336.4903680727057,659.5090028594817,50,0.0034253264341552177
train-0324,train,lhs,2103,972,1366,961,124,3423,242678.00317734768,242747.6054285999,7312.386547294811,369.3312938749604,723.8760346793862,50,0.0029828662886696895
train-0325,train,lhs,2063,1761,198,813,335,3107,222009.5850952521,221878.59015313114,7390.363006028572,373.26969978521436,731.5951684234054,50,0.0032953314520610365
train-0326,train,lhs,2058,13,368,2530,878,3789,234182.59725359178,233980.3586622886,7833.098790657077,395.6312337555546,775.4229696637697,50,0.003311189553611788
train-0327,train,lhs,1779,1200,942,152,1515,3809,232941.97395529776,232646.8169310142,7159.995250156755,361.63437104637944,708.7903431368961,50,0.003042776409514393
train-0328,train,dr-edge-haste,2234,340,2326,181,116,2963,209004.35304253153,209204.47496492811,6081.4842576525625,307.16133987609743,602.0251638670879,50,0.0028804431826574364
train-0329,train,lhs,1793,1008,1288,136,458,2890,200801.96087060097,200912.36406447584,6323.286725401321,319.374208779868,625.9619470769983,50,0.0031173099324481954
train-0330,train,lhs,1802,397,2040,81,948,3466,207867.61433035944,208015.35146645055,6522.8785771150815,329.45511962389514,645.7201692714093,50,0.003106401020435922
train-0331,train,lhs,2090,1263,49,712,670,2694,210589.30172732062,210130.00482652392,6670.725369838901,336.92251031758764,660.355986096024,50,0.0031357527693931914
train-0332,train,lhs,1677,308,943,2130,205,3586,216613.02909617283,216305.90878970438,6836.880316633491,345.31460243231226,676.8041844031181,50,0.003124485111662547
train-0333,train,lhs,2284,162,2617,202,757,3738,232015.59548467654,231608.11097498948,7131.436059038168,360.19191406743977,705.9631794076727,50,0.003042740199997883
train-0334,train,lhs,1987,569,496,136,1817,3018,206833.45183353423,207066.8161932994,7310.43954008936,369.232955160818,723.6832943412957,50,0.0034988696844054884
train-0335,train,lhs,1833,133,1990,92,534,2749,185809.74820157318,185645.25835193566,5883.4767811686925,297.1604520655702,582.4237839363399,50,0.003134516835491889
train-0336,train,dr-edge-mastery,1863,538,256,2897,103,3794,220326.32289501195,220117.37654851406,7293.707614490126,368.3878652998518,722.0269486493677,50,0.0032770798294193015
train-0337,train,lhs,1843,2234,122,127,864,3347,207518.8658419188,207003.711651134,6319.256754378611,319.1706645057149,625.563007630222,50,0.0030144874062040983
train-0338,train,lhs,1765,1214,1067,366,14,2661,200647.26305316156,200369.4601792154,5961.09989905258,301.0810115678945,590.1079393635481,50,0.0029410216236400834
train-0339,train,lhs,1874,2076,210,601,196,3083,207452.32344003583,206934.43277157572,6239.3058329303185,315.1325331687006,617.648415641323,50,0.002977302955200955
train-0340,train,lhs,2219,780,894,248,725,2647,215080.17126505735,214794.2785623958,6571.355006136465,331.9035490302329,650.5190027286474,50,0.0030245419598767674
train-0341,train,lhs,1737,907,436,638,1518,3499,218792.76771691962,218923.03103103788,7406.2480995848,374.07201816902807,733.1676835605118,50,0.003350968549879607
train-0342,train,lhs,2146,1238,418,732,1415,3803,256860.38462967327,256607.48876943844,8479.011453162144,428.2547497349539,839.3638860608035,50,0.003267782563165397
train-0343,train,lhs,1944,170,104,1001,2354,3629,217499.59688497306,217302.6584836815,7162.277091642602,361.74962144553905,709.0162297685529,50,0.003259850776383386
train-0344,train,dr-edge-versatility,1879,305,460,277,2395,3437,207153.80142281274,207081.24454399224,7365.207825358446,371.9991712970845,729.104978344235,50,0.0035196311790392397
train-0345,train,lhs,1995,3100,368,18,327,3813,219313.6761666041,218979.17463966462,6545.675636843242,330.60654501853065,647.9769215767801,50,0.0029545668692568775
train-0346,train,lhs,1700,35,733,1382,702,2852,197592.770457376,197294.24241337684,6809.219786676839,343.9175346963435,674.0659819554427,50,0.0034113899025513678
train-0347,train,lhs,1890,107,217,15,3514,3853,196057.01844797892,196114.98072805087,7059.084677996011,356.53761748435966,698.8008897128328,50,0.003564273777315706
train-0348,train,lhs,2203,828,183,1203,399,2613,216275.46602401978,216386.1866655092,6781.542760429516,342.51963377187496,671.3261464883146,50,0.003104032828271684
train-0349,train,lhs,1749,446,1581,912,365,3304,211460.4505582607,211627.04574659615,6980.61551988953,352.5743264978531,691.0329821155844,50,0.0032679065058796608
train-0350,train,lhs,1619,406,1850,610,350,3216,197485.5185162768,197458.9433540834,5771.195728911105,291.48940253342016,571.308731093856,50,0.002892914555893214
train-0351,train,lhs,1607,1268,1007,397,151,2823,196003.74212457702,195685.89231645805,6439.249398685648,325.23120825443004,637.4414551096986,50,0.003252190229636281
train-0352,train,dr-edge-crit,1800,2896,316,186,283,3681,209374.6768367597,209437.3659923922,6553.183641780668,330.98575653313327,648.7201624882537,50,0.0030983697373968126
train-0353,train,lhs,2133,313,351,2425,473,3562,233380.84742433755,232577.40747174603,7666.375019529483,387.21041167346056,758.9184616553295,50,0.00325184551359285
train-0354,train,lhs,1909,601,2771,192,139,3703,212724.4811137594,212945.92080860978,6271.239040923007,316.7454037341771,620.8095838627829,50,0.0029183739483693485
train-0355,train,lhs,1963,1188,461,822,523,2994,219293.11551302212,219374.46305996823,7016.152233966143,354.3692016053289,694.5508726845438,50,0.003167226071186443
train-0356,train,lhs,1831,926,122,202,1793,3043,198881.94985518168,198922.40251781137,7412.592803581708,374.3924741133734,733.7957656703388,50,0.003689604643380966
train-0357,train,lhs,2247,24,87,1046,1635,2792,212355.46530805848,212254.3217886093,7201.949990494973,363.75340543181335,712.9435742161896,50,0.003357312104880094
train-0358,train,lhs,1948,299,63,155,2997,3514,198492.93248960658,198267.42240645198,6949.97443922955,351.02671821802767,687.999725623606,50,0.003466116989629496
train-0359,train,lhs,1705,49,136,1707,1605,3497,209213.57895916537,208969.27380918147,7022.588351938563,354.6942746526728,695.188004149965,50,0.003322862730079546
train-0360,train,dr-edge-haste,1992,158,3100,39,367,3664,202893.47374692475,202859.7971796938,5959.120977812236,300.9810609515744,589.9120397552413,50,0.0029074963766013324
train-0361,train,lhs,2293,1300,130,165,1737,3332,234954.03244161842,234724.70612248103,7898.074881924821,398.91302195201297,781.855156336568,50,0.0033276941374940825
train-0362,train,lhs,2097,683,557,628,1225,3093,226278.34715292417,226022.42300214665,7536.8419815388825,380.6680052769714,746.095580740302,50,0.0032972469090737757
train-0363,train,lhs,1642,379,22,429,1823,2653,175932.60249716986,175780.63007475485,6367.969385143235,321.6310239016508,630.3852234374187,50,0.0035831063400972507
train-0364,train,lhs,1743,1532,162,825,1137,3656,225618.9729176159,224968.81902779298,7484.5452259220565,378.02662023906333,740.9185611944043,50,0.003283937301961518
train-0365,train,lhs,2252,625,883,1040,152,2700,227255.2414040683,227365.04558913576,7496.48430167065,378.62963462641545,742.1004476762979,50,0.0032654932097113463
train-0366,train,lhs,1668,2183,1354,292,48,3877,227676.81362428557,227574.7241745961,6530.672630435147,329.8487787635772,646.4917270077132,50,0.0028395149981085025
train-0367,train,lhs,2018,2127,522,32,55,2736,202004.00271232077,202107.13133682907,6306.399610160524,318.5212806583362,624.2902386766535,50,0.003090484496813272
train-0368,train,dr-edge-mastery,1812,281,272,2241,165,2959,196854.15818291428,196442.16532723157,6458.596438470054,326.20838132781853,639.3566791410514,50,0.0032478698191732865
train-0369,train,lhs,1605,65,1223,255,1808,3351,198625.8520647477,198727.58711336117,6244.269047587774,315.38321336447,618.1397397968863,50,0.0031120809973687923
train-0370,train,lhs,2092,911,380,711,1060,3062,225735.92487064243,225703.2451320751,7939.028141042956,400.9814738973075,785.9092476548942,50,0.0034815426392819757
train-0371,train,lhs,1701,1492,921,468,315,3196,211980.17942304324,212204.20136664063,6361.375490607096,321.2979819344413,629.7324731760583,50,0.0029707139360388873
train-0372,train,lhs,2026,579,306,1894,279,3058,217926.64571599616,217373.16553020355,7607.462932633854,384.23490194933555,753.0865697578105,50,0.0034556883454226117
train-0373,train,lhs,1960,1375,9,622,779,2785,206302.00918314024,206368.12860490248,5850.32182808969,295.4858740547071,579.1416713442906,50,0.002807251725940147
train-0374,train,lhs,2113,1054,567,939,1048,3608,253839.2025759601,253833.64515928904,8327.164191542422,420.5853048495316,824.3320502972973,50,0.0032474576106920287
train-0375,train,lhs,1638,667,1772,1008,30,3477,213639.9704519521,213866.7330626778,6169.701664388832,311.6169917705194,610.7580811116738,50,0.002858819348362689
train-0376,train,dr-edge-versatility,2276,184,288,167,2352,2991,208059.29777286993,207821.16715037837,7107.15663846724,358.96561814394096,703.5596835621612,50,0.003381534452405051
train-0377,train,lhs,2292,1066,524,926,126,2642,227804.17111290531,227787.67470212837,7469.233454920049,377.25325901709937,739.4028010516431,50,0.0032457825396233725
train-0378,train,lhs,1837,540,1454,48,636,2678,191824.18724289426,191622.17176309042,5863.683540069028,296.1607424224822,580.4643890400214,50,0.0030260229295538095
train-0379,train,lhs,1973,2348,301,482,493,3624,227669.49724785346,227752.5760475808,6852.159248566531,346.08630503082225,678.3166937036442,50,0.002979392065706508
train-0380,train,lhs,2188,858,698,661,393,2610,218932.61969146706,218312.1622717006,6775.546546641848,342.2167792411104,670.7325625151981,50,0.0030636483656955025
train-0381,train,lhs,2211,523,106,1980,437,3046,223545.06528785636,223036.35967705047,7171.642117352694,362.22262667308144,709.9433029794461,50,0.0031758397442827042
train-0382,train,lhs,2271,1281,1914,427,104,3726,255345.8257734869,255316.9546416236,7058.187131292154,356.4922845300219,698.7120387549786,50,0.0027363362476690517
train-0383,train,lhs,2265,1029,552,1359,458,3398,253915.59323837698,253610.37858820113,7878.779810497792,397.9384736770465,779.9450768155913,50,0.0030716706558599404
train-0384,train,dr-edge-crit,1687,2427,168,145,156,2896,184771.1665057741,184521.2307206436,5558.586916566443,280.751035894211,550.2619192188897,50,0.0029780724429300715
train-0385,train,lhs,1945,411,771,1913,353,3448,229938.75284443388,229812.10441608762,7522.915350787912,379.96460420246484,744.7169399669713,50,0.0032387621953869294
train-0386,train,lhs,1769,1540,1575,273,1,3389,218768.2565384033,218972.42625768553,5994.4640898206835,302.76615767796073,593.4107650494298,50,0.0027125085441509675
train-0387,train,lhs,1746,665,929,922,635,3151,216159.31112676597,216071.43348039573,6429.884246729101,324.7581966504788,636.5143694012737,50,0.0029446539502894315
train-0388,train,lhs,2188,3144,128,171,215,3658,220735.20061004555,220980.54516861012,6606.290568826492,333.6680614075676,653.9773834400316,50,0.0029627235784443775
train-0389,train,lhs,2267,15,2552,750,163,3480,226384.49329307242,226054.07160013667,6946.5880800431805,350.85568125058376,687.6644993272423,50,0.00303759541708984
train-0390,train,lhs,1894,1131,299,1058,733,3221,223910.40625362616,224010.092868014,7099.5026511577325,358.5790334061075,702.8019913986989,50,0.00313876430826813
train-0391,train,lhs,2217,1351,79,112,2093,3635,236451.44244386654,236605.44709783202,8479.839426555887,428.2965687064795,839.4458497389004,50,0.0035501828242734635
train-0392,train,dr-edge-haste,1673,61,1951,481,212,2705,179692.22842110644,179543.36526682993,5463.9256995575215,275.9699224326124,540.891109024003,50,0.0030100973969582677
train-0393,train,lhs,1624,246,657,1179,1195,3277,207510.02916390944,206945.02404154927,6906.073918300287,348.8094070718346,683.6538756326219,50,0.0032945582359906697
train-0394,train,lhs,1606,1514,838,81,823,3256,205177.5147900569,205107.52432976323,6511.843840247394,328.8977812476272,644.6278061262379,50,0.003141805313247108
train-0395,train,lhs,2077,1401,1794,118,328,3641,238769.31697373654,237913.38429935082,7257.326640473441,366.5503486260397,718.4254821461077,50,0.003008868523191072
train-0396,train,lhs,1854,1381,430,1425,4,3240,225742.54774057877,225507.71148534588,7089.60130933639,358.07894012434195,701.8218265770935,50,0.003108947930292789
train-0397,train,lhs,2115,169,1524,842,261,2796,209937.49951334114,209793.09767804245,6307.264156822295,318.56494685884974,624.3758228570397,50,0.0029741033607831543
train-0398,train,lhs,1908,1707,139,281,775,2902,203306.69590371414,203335.73855627922,6607.440728458295,333.72615324150297,654.0912413423913,50,0.003217263644145633
train-0399,train,lhs,1997,1021,30,1308,1203,3562,238253.9067000506,238317.23283334135,7763.759259230215,392.12905855010945,768.5588323905051,50,0.0032257973983951544
validation-0000,validation,dr-edge-crit,1936,2612,630,152,442,3836,230136.24856424244,229723.51753523824,7197.163251233023,363.51163858953504,712.469719912458,50,0.0030958604928922025
validation-0001,validation,lhs,1673,458,1457,1202,635,3752,225711.29559950012,226199.1617452777,6787.892941971539,342.84036637402704,671.9547708374791,50,0.0029770542455694773
validation-0002,validation,lhs,2251,760,125,1540,1012,3437,245880.95517159786,245936.19013797588,8141.6455665413305,411.21519929419753,805.9669808693628,50,0.003277874776055293
validation-0003,validation,lhs,2122,674,665,1576,425,3340,240614.66961274957,239961.8444717265,7890.121331863294,398.5113070103692,781.0678095185456,50,0.003246135452903237
validation-0004,validation,lhs,2174,1165,677,1340,705,3887,270156.61250464397,270015.2400518105,8096.449261750337,408.93244117974854,801.4928571776429,50,0.002966771198923977
validation-0005,validation,lhs,1642,542,313,960,1818,3633,213052.32564958636,212905.80841808004,7314.589551727542,369.4425624016296,724.0941169843672,50,0.003398667978754228
validation-0006,validation,lhs,1951,1135,69,189,1260,2653,196895.10208582913,197010.5026699886,6548.923698053161,330.7705968833338,648.2984573235334,50,0.00329260835061774
validation-0007,validation,lhs,1665,519,73,2000,542,3134,196898.66076032474,197516.55029435272,6766.879812642421,341.7790430709864,669.8746153866442,50,0.0034021288555235547
validation-0008,validation,dr-edge-haste,1896,117,2718,360,134,3329,196791.52675625958,196471.14144681438,5571.763182054532,281.4165377997354,551.5662789859385,50,0.002802794856452803
validation-0009,validation,lhs,1752,2207,299,203,1104,3813,221315.48466014315,221102.34387768045,6895.197169298379,348.2600482877979,682.5771522008419,50,0.0030841816298982517
validation-0010,validation,lhs,2240,1566,868,767,191,3392,251128.68521717054,250692.25044187662,7853.483465337123,396.66081530545046,777.440912421607,50,0.003095786973715461
validation-0011,validation,lhs,1701,1712,435,8,787,2942,195128.4355915383,194785.70460692508,6023.8402894662795,304.2498798190244,596.3188070102683,50,0.003056032326618661
validation-0012,validation,lhs,2157,259,1762,50,1652,3723,235838.49479921383,235785.34542159722,6662.518731750381,336.5080125002208,659.5435853019544,50,0.002796590038718959
validation-0013,validation,lhs,2059,1184,574,193,975,2926,217437.01293678707,217393.38038744353,6796.808464417518,343.290668258268,672.8373463131531,50,0.0030944011657700584
validation-0014,validation,lhs,1888,1348,911,175,192,2626,201047.06234852722,200950.21818194265,6192.500769349274,312.7685204649846,613.0150358809905,50,0.0030491121268824703
validation-0015,validation,lhs,1668,277,185,932,2274,3668,206557.94862414064,206511.53654595124,7084.2426785561365,357.8082883984425,701.2913589417419,50,0.003395131311154885
validation-0016,validation,dr-edge-mastery,2143,178,536,2487,249,3450,229350.1922905882,229633.1423548331,7590.908817972608,383.39879289694215,751.4478261272451,50,0.0032764211733258795
validation-0017,validation,lhs,1651,619,95,120,2212,3046,183540.6065491541,183194.4558443555,6807.790761077725,343.84535800408474,673.9245182380296,50,0.0036718006489618172
validation-0018,validation,lhs,1836,821,1685,1009,6,3521,228393.8708627481,228372.7587183998,6630.73591783288,334.90273798263115,656.3973050607841,50,0.002873970753161069
validation-0019,validation,lhs,1834,1560,415,894,232,3101,214492.1023089387,214063.8476444765,6908.083440811417,348.9109032857322,683.8528045565165,50,0.003188242351093865
validation-0020,validation,lhs,2186,598,2055,75,972,3700,237849.2163641002,237397.21917416365,7090.899941793245,358.1445309683785,701.9503822691777,50,0.0029512410971942417
validation-0021,validation,lhs,1991,129,262,2138,841,3370,219733.07356654882,219713.96280591039,7800.339983816085,393.97666415120847,772.1800728278989,50,0.0035141731751821823
validation-0022,validation,lhs,1876,2067,908,481,58,3514,229023.507199064,229009.1348916297,6610.75631307334,333.8936155532813,654.4194614423901,50,0.0028574335859487903
validation-0023,validation,lhs,2199,711,443,463,1430,3047,225822.47205492374,225888.31875234275,7531.314515038065,380.388826059435,745.5483995284561,50,0.003301480108441672
validation-0024,validation,dr-edge-versatility,1928,284,109,177,2855,3425,197600.95084491072,197225.4376598933,7036.158186873565,355.37965481711007,696.5313245885757,50,0.00352493913420111
validation-0025,validation,lhs,1849,532,1664,1091,273,3560,226817.11047031064,226551.95320978796,6716.49299876881,339.23412465867113,664.8866669527024,50,0.0029313779087214546
validation-0026,validation,lhs,1987,88,1584,687,257,2616,196586.58665350662,196325.8060366336,5625.6376301235505,284.1376083398987,556.8994792464157,50,0.002832845763927821
validation-0027,validation,lhs,2047,94,2567,130,488,3279,204137.92536381396,203958.2210428232,5907.268156789869,298.3620979966767,584.7789666845217,50,0.002864626774482647
validation-0028,validation,lhs,2173,1305,192,1923,204,3624,247985.16904199508,248001.49241445927,7876.147803557511,397.8055372516463,779.6845262094579,50,0.0031440772414798005
validation-0029,validation,lhs,2213,1201,1049,694,122,3066,239341.5448431415,239226.90800894174,7020.950961187522,354.61157393099325,695.0259137139058,50,0.0029039083631277156
validation-0030,validation,lhs,1716,1414,19,1410,239,3082,205865.67166665941,205755.59045668258,6497.123347473769,328.15428408601025,643.1705784662149,50,0.00312422451620611
validation-0031,validation,lhs,1844,299,1416,464,838,3017,204060.84264205542,203847.5569112302,6330.809706971396,319.75417672864955,626.7066705722198,50,0.0030711755496939234
validation-0032,validation,dr-edge-crit,2098,2382,212,254,120,2968,208299.90518987275,208306.45997012735,6479.902562985205,327.28450312249487,641.4658391025306,50,0.003079530153975883
validation-0033,validation,lhs,1997,446,714,1539,184,2883,216333.79144699546,216152.64712649837,7437.945149266358,375.67296093855924,736.3054737314936,50,0.0034035620085357673
validation-0034,validation,lhs,1854,760,473,757,686,2676,203031.88286270187,202858.91894394346,6698.780094117215,338.3394878734101,663.1332110735689,50,0.003266153087503038
validation-0035,validation,lhs,1690,3,2273,117,1201,3594,200574.30738597995,200729.68083027462,6100.415356914331,308.1175047806197,603.8992126440635,50,0.0030108502954066577
validation-0036,validation,lhs,2258,471,567,1854,256,3148,235590.82047169548,235277.70596213374,7628.013096380414,385.27284195931315,755.1208947963815,50,0.00320522205952037
validation-0037,validation,lhs,2031,425,1731,188,567,2911,205698.303185401,205961.41618628692,6414.521194832423,323.982245352203,634.9935328022218,50,0.0030870139566969903
validation-0038,validation,lhs,2287,271,1631,182,927,3011,221045.4405293589,220889.86282652165,6685.825204148504,337.68516712009574,661.8507659621671,50,0.002994184202022756
validation-0039,validation,lhs,1616,494,335,1155,763,2747,190223.78702330517,190445.11059897975,6213.29010425218,313.8185404425705,615.0730372210188,50,0.003233418106357348
validation-0040,validation,dr-edge-haste,1623,167,2105,203,159,2634,172339.04815228336,172266.32865625893,5287.162655903131,267.04204051609867,523.3927820016528,50,0.003036994735744212
validation-0041,validation,lhs,2054,1102,614,790,582,3088,229351.2437359358,229313.93242008289,7170.87409088395,362.18383547849714,709.8672736351099,50,0.0030951097629643444
validation-0042,validation,lhs,1963,1234,1436,91,354,3115,216739.09921541484,216253.19559297955,6364.139174322283,321.43756904130294,630.0060588783346,50,0.0029067485338774885
validation-0043,validation,lhs,1883,1369,531,584,737,3221,221744.4300097961,221694.83643038597,6975.928986860885,352.3376208346524,690.5690475405687,50,0.003114256567842814
validation-0044,validation,lhs,1683,866,1313,351,539,3069,202145.07486737595,202360.35677174266,5785.512567604897,292.2125120852441,572.725999772936,50,0.0028332424133939056
validation-0045,validation,lhs,1726,594,533,118,1587,2832,189922.33161784423,190243.44548967967,6283.948456055029,317.3873261359462,622.0677286516775,50,0.003275379589923015
validation-0046,validation,lhs,2066,336,1212,1810,538,3896,255087.7235366249,255113.7605881257,8067.060130359628,407.44806588692336,798.5835350628748,50,0.003130623159715548
validation-0047,validation,lhs,1705,162,325,299,2407,3193,188551.48967124076,188661.40552478845,6537.871783385075,330.2123908971267,647.2043936941279,50,0.003432507453654153
validation-0048,validation,dr-edge-mastery,1907,148,242,2111,254,2755,195604.84595660778,195287.32328935424,6961.169044918804,351.5921311891406,689.1079146838704,50,0.0035229593178726227
validation-0049,validation,lhs,1798,2504,861,115,13,3493,215404.20441668987,215563.9216171924,6232.31130527433,314.77925617321876,616.9560054533051,50,0.0028641781023913122
validation-0050,validation,lhs,1905,72,278,1237,1660,3247,213422.12934370534,212981.71944522086,7131.0243795820315,360.17112111493196,705.922425969607,50,0.0033076346306748507
validation-0051,validation,lhs,2268,261,57,991,1718,3027,221589.2672497809,221314.5254615087,7602.578160530966,383.98818370087105,752.6030108762769,50,0.0033963874704631978
validation-0052,validation,lhs,1865,679,413,1959,529,3580,227838.13656321276,227814.6860952878,7705.1185494471665,389.1672554400247,762.753804962867,50,0.0033477881116326814
validation-0053,validation,lhs,1813,360,2280,28,336,3004,190021.27057884444,189944.59776011234,5303.152142453596,267.8496315423504,524.9756313280456,50,0.0027627203508789316
validation-0054,validation,lhs,1814,153,751,243,2637,3784,212763.40246219968,212378.011724902,7070.398715878859,357.1090626921856,699.9209017398063,50,0.0032896677419141985
validation-0055,validation,lhs,2151,1228,937,579,517,3261,241561.75594429026,241791.34250371612,7478.195261379738,377.7058985970514,740.2899583267197,50,0.0030645991764418523
validation-0056,validation,dr-edge-versatility,2096,125,440,181,2548,3294,208560.63115995814,208397.52552266058,6891.131365589897,348.05469418970927,682.174665564332,50,0.003270869779067411
validation-0057,validation,lhs,1807,786,720,759,1037,3302,221794.03862733342,222036.01001393507,7144.375045139167,360.84543155413223,707.2440501454248,50,0.003188742377939934
validation-0058,validation,lhs,2033,808,1227,132,654,2821,209842.17752361865,210077.43120158772,6671.59774449145,336.9665718913414,660.4423451937218,50,0.0031473288782441567
validation-0059,validation,lhs,2232,1103,811,1719,190,3823,269657.60274572694,269689.597417129,8625.354505941374,435.6461900920778,853.850842961064,50,0.0031664259945461313
validation-0060,validation,lhs,2278,742,1089,674,295,2800,225958.0514049135,226181.99511587794,6721.616407160666,339.4928958598618,665.393849187497,50,0.0029447671594366913
validation-0061,validation,lhs,2294,1091,386,505,747,2729,224879.08181201768,224794.3899739001,7167.5144882349405,362.01414992026804,709.5346960521368,50,0.0031551831781546293
validation-0062,validation,lhs,2131,108,1467,1424,606,3605,246952.05899405704,246810.83566191798,7666.319994153258,387.2076324722702,758.9130145210881,50,0.003073118797277781
validation-0063,validation,lhs,2266,655,504,333,1497,2989,224811.59947420852,224942.7960618358,7526.522371391078,380.1467862544918,745.074010227732,50,0.003314215156025392
validation-0064,validation,dr-edge-crit,1959,2003,235,325,358,2921,204443.20900082367,204773.3804330229,6621.450043544187,334.43373050557534,655.4780672968673,50,0.0032061620950893334
validation-0065,validation,lhs,2113,1480,131,1039,40,2690,214704.70558640064,214756.15480809758,6422.393422733446,324.37985290447864,635.7728292850087,50,0.002961149954997905
validation-0066,validation,lhs,2195,948,53,1900,967,3868,256988.47811375748,257408.30018195516,8114.747652640222,409.85664948568,803.3042721722844,50,0.003125837695403204
validation-0067,validation,lhs,1940,338,683,1640,228,2889,210764.13835492329,210810.31367444844,6595.773753752392,333.1368820321833,652.9362909944864,50,0.0030979477632715326
validation-0068,validation,lhs,2183,53,998,244,2022,3317,224889.27862318346,225025.73730015964,7146.238785736477,360.9395646694702,707.4285476613215,50,0.0031456748493851674
validation-0069,validation,lhs,1606,1139,1035,51,1185,3410,210291.5153907237,210317.34690141113,6688.861024897012,337.83849922279126,662.1512913612572,50,0.0031487304189661367
validation-0070,validation,lhs,1795,411,163,2136,96,2806,192966.22115771263,192626.9198354112,6618.954086455877,334.3076656353829,655.2309846914648,50,0.0033955734882528477
validation-0071,validation,lhs,1732,166,686,1211,1148,3211,211231.57315054932,211104.36574560645,6850.770722551601,346.01617387646434,678.1792391668475,50,0.0032105959779199036
validation-0072,validation,dr-edge-haste,1926,179,2478,312,317,3286,201699.74694197826,201400.10356433963,6255.466377591388,315.94876393423704,619.2481985455571,50,0.003070148614136301
validation-0073,validation,lhs,2091,155,321,2950,181,3607,222005.9422199714,222068.18905997026,7299.954273934494,368.70336924648575,722.6453250220246,50,0.003255071994000962
validation-0074,validation,lhs,2072,879,1476,1291,227,3873,257667.88565286048,257787.28859034312,7606.01215418581,384.1616265722919,752.9429526577877,50,0.0029221451123023524
validation-0075,validation,lhs,1826,1160,97,611,1940,3808,226850.16718594814,226383.9213320647,7337.883510643906,370.6190849952326,726.400058895849,50,0.003202113835342347
validation-0076,validation,lhs,1622,1245,1958,2,143,3348,201108.23890174678,200978.0529649625,5959.506134159098,301.0005142847661,589.9501675876932,50,0.002933495767301302
validation-0077,validation,lhs,2010,675,384,820,830,2709,210915.25500549414,210714.61387048112,7216.596652214508,364.4931735620725,714.3934931090508,50,0.003387111534869498
validation-0078,validation,lhs,1978,618,205,707,2328,3858,231481.6048753715,231024.19517811685,7669.500133695462,387.36825377479954,759.2278264893351,50,0.00327986246206518
validation-0079,validation,lhs,2017,335,787,1101,428,2651,210020.22000028862,209796.49477897654,6491.203681922045,327.85529582501164,642.5845722425977,50,0.003059631935637981
validation-0080,validation,dr-edge-mastery,2169,436,179,2809,221,3645,231242.27011164662,230486.51902523567,7597.234243730473,383.7182751431764,752.0739998238417,50,0.0032523206049686814
validation-0081,validation,lhs,2161,179,1012,1391,592,3174,234283.88144552358,233969.37578973162,7026.862996486054,354.910176806008,695.6111645948743,50,0.0029690952715269057
validation-0082,validation,lhs,1638,473,229,1647,551,2900,192421.0509483424,192077.73881221146,6664.92825358627,336.6297117309046,659.7821114111467,50,0.003428845794986707
validation-0083,validation,lhs,2077,790,2047,85,618,3540,228939.4437876503,228887.90257816267,6817.269217109296,344.32409232802064,674.862820271523,50,0.0029477787187142945
validation-0084,validation,lhs,1725,16,2410,446,601,3473,199609.217329398,199518.46771148316,6293.576127106004,317.87359695645887,623.0208019470376,50,0.003121202569112426
validation-0085,validation,lhs,2204,472,307,276,2099,3154,216679.42011806153,216564.3035498212,6868.428871618624,346.9080450870711,679.9272746192598,50,0.0031379411771029738
validation-0086,validation,lhs,2141,316,887,728,1275,3206,231351.45967888462,231112.7983406973,7371.311790608043,372.30746809852144,729.7092289718681,50,0.0031541155175104714
validation-0087,validation,lhs,2129,209,630,2436,457,3732,241192.13631897024,241273.06212030115,7636.47245549164,385.7001041158874,755.9583132355953,50,0.003134257711602423
validation-0088,validation,dr-edge-versatility,1601,550,185,188,2772,3695,193937.0909427161,193713.7924246025,6415.375643250751,324.0254015144011,635.0781173258786,50,0.003274660428486389
validation-0089,validation,lhs,2026,994,13,284,1481,2772,203010.65662373573,203165.82794713438,6711.262002970404,338.969919472856,664.3688343037466,50,0.0032725810819631104
validation-0090,validation,lhs,1656,1371,299,364,1327,3361,208266.7118169184,208046.26905218704,7055.3497896084455,356.3489771339438,698.4311614198228,50,0.0033535419814655484
validation-0091,validation,lhs,1743,77,1188,1324,1172,3761,231490.01959937028,231764.6756233269,7451.847705681504,376.3751460754862,737.6817313109599,50,0.0031866675400850264
validation-0092,validation,lhs,2011,1414,782,271,228,2695,209900.5434995674,209582.21380390585,6231.068992176849,314.7165098863912,616.833024990905,50,0.002938691890486583
validation-0093,validation,lhs,2276,346,1204,1233,454,3237,245951.8506293118,245480.16462433414,7795.70153395916,393.7423870549209,771.7208981565692,50,0.0031376909593564075
validation-0094,validation,lhs,2209,1176,1052,243,1059,3530,251452.0225657361,251139.25934833844,7572.874555944134,382.487925113083,749.662558075412,50,0.002981334373158326
validation-0095,validation,lhs,1857,2146,6,89,1018,3259,204577.79973850536,204197.3704823901,6135.592829255929,309.8942354404587,607.3815407491197,50,0.0029689513795020015
validation-0096,validation,dr-edge-crit,1631,2345,375,161,72,2953,187339.03187420144,187408.4215773802,5861.176368391624,296.03411113000425,580.2161962673389,50,0.0030971452689952795
validation-0097,validation,lhs,1742,1750,832,1091,169,3842,239627.11650736758,239180.76250350446,6566.4127407211945,331.6539269309785,650.0297524041466,50,0.002712671929114336
validation-0098,validation,lhs,1870,602,2043,451,552,3648,223718.72162721993,223326.51244725977,6087.906200527079,307.4856969728805,602.6608920951944,50,0.0026938330762474216
validation-0099,validation,lhs,1711,270,63,80,3155,3568,185285.7131480268,184958.63766613588,6281.75174264611,317.2763753539626,621.8502691148367,50,0.00335616955322418
validation-0100,validation,lhs,1695,661,696,1862,194,3413,215953.50943904632,215867.88799157328,6671.722226019767,336.97285915797033,660.4546680098813,50,0.00305831875446459
validation-0101,validation,lhs,1769,1667,33,883,153,2736,194593.43729038336,194423.0338848166,6315.2003964951655,318.96578749383605,625.1614560655013,50,0.003212654366820192
validation-0102,validation,lhs,1787,1161,791,530,359,2841,206252.0818153332,206095.48578889083,6367.029841935419,321.5835698035462,630.2922151141737,50,0.003055931409596645
validation-0103,validation,lhs,1782,1407,187,341,1252,3187,207922.6355947819,208107.34196455008,6639.01318696441,335.3208032063891,657.2166978429016,50,0.00316087133064119
validation-0104,validation,dr-edge-haste,1680,30,2945,224,284,3483,185782.70911689653,185510.33827376278,5799.427028011145,292.9152984645162,574.1034357657452,50,0.0030901876632906293
validation-0105,validation,lhs,2114,408,813,1039,458,2718,218205.8801413598,218303.98652145875,6938.180817431595,350.43105036459315,686.8322380836084,50,0.0031476339576122308
validation-0106,validation,lhs,1945,143,513,1852,470,2978,210254.10032687787,210371.9123045416,6497.744397886316,328.1856518687367,643.232058190661,50,0.003059308033425464
validation-0107,validation,lhs,1972,560,717,1459,133,2869,216002.88005429629,216103.13080715545,7297.729117114949,368.59098185532116,722.425049782928,50,0.0033445158212767035
validation-0108,validation,lhs,2105,558,910,781,1207,3456,242955.8413036129,242953.0314013359,7868.04194461484,397.3961295498102,778.8821018585102,50,0.003205858717696646
validation-0109,validation,lhs,2295,564,720,1297,383,2964,236947.1103540889,237107.7092369927,7188.760027214229,363.08721168328367,711.6378584617669,50,0.0030033616252939732
validation-0110,validation,lhs,2249,590,871,214,1494,3169,231615.62873761583,231546.29423527783,7799.226637265031,393.92043165863265,772.0698591676406,50,0.0033334100266708454
validation-0111,validation,lhs,2042,400,550,1909,269,3128,222736.2341128611,223129.76648332117,6796.070669561836,343.2534039907268,672.7643096908297,50,0.0030204529243766333
validation-0112,validation,dr-edge-mastery,2082,259,192,1929,227,2607,200934.60787027408,200581.20159381357,6422.743624199903,324.397540749601,635.807496824428,50,0.0031642508155434994
validation-0113,validation,lhs,2003,660,1560,1230,98,3548,238487.7323976262,238030.9189423376,6615.312892441283,334.12375756543037,654.8705314977318,50,0.0027459296330004856
validation-0114,validation,lhs,1971,1178,276,1567,777,3798,247757.52207178477,247180.72182771983,8171.112645101039,412.70351151357795,808.8840192183925,50,0.0032648212351107874
validation-0115,validation,lhs,1647,155,895,1008,1445,3503,214603.13464758184,214521.9214048783,7326.728640905969,370.05567899273626,725.295803421793,50,0.003379707405545885
validation-0116,validation,lhs,1756,229,568,422,2524,3743,210634.55684142484,210337.09419201443,7519.582257357179,379.79625756195054,744.3869866144986,50,0.003534021187107045
validation-0117,validation,lhs,1763,2161,1244,303,62,3770,229625.71328147338,229373.34503210883,6583.140175844526,332.4987899886618,651.6856535698083,50,0.0028380343135656467
validation-0118,validation,lhs,1893,100,1651,1655,303,3709,234068.56473880846,233618.58317873327,6994.918865805199,353.2967545614693,692.4489151023208,50,0.0029583165764912006
validation-0119,validation,lhs,2227,1150,445,305,961,2861,224379.4783578834,224522.65420238246,7137.935694192902,360.5201952169506,706.6065986378024,50,0.00314915875466459
validation-0120,validation,dr-edge-versatility,2220,175,231,429,2545,3380,217634.67415273434,217606.0221674603,7858.87254899091,396.9330051337343,777.9743946822379,50,0.003574680356937339
validation-0121,validation,lhs,1913,913,1063,228,459,2663,200721.1701002199,200559.06196471772,6359.962763126219,321.226628421463,629.5926228603885,50,0.003136652813183749
validation-0122,validation,lhs,2064,869,149,947,812,2777,215301.8621774,215581.66367684148,7002.380962218695,353.67364734545856,693.1876113853002,50,0.0032196080627214536
validation-0123,validation,lhs,1918,462,2063,1115,44,3684,230832.9000701631,230997.31148383702,7171.259073697388,362.2032800469273,709.9053842889449,50,0.0030754081592059223
validation-0124,validation,lhs,1774,62,511,402,1874,2849,189622.15250291218,189635.98676001077,6434.575960055928,324.995163958249,636.9788167902226,50,0.0033592004329791583
validation-0125,validation,lhs,2242,711,960,60,1665,3396,237980.80745641922,237729.86971899588,8232.454796857326,415.8017580478241,814.9564708434327,50,0.0034244630041969813
validation-0126,validation,lhs,1780,913,2557,125,66,3661,210968.34179789966,210469.6419924935,6177.838087498795,312.02794319592357,611.5635311052184,50,0.0028988402994183605
validation-0127,validation,lhs,1820,36,962,727,1067,2792,200670.9893818033,200426.7061313492,6239.136434810074,315.12397727159026,617.6316463911238,50,0.0030778322681012816
test-0000,test,dr-edge-crit,2287,2491,90,659,253,3493,236300.37775926993,235877.38679238624,7463.098263038201,167.21471491894368,327.7348190715428,250,0.001386941579100738
test-0001,test,lhs,1991,1011,980,280,1428,3699,242587.69066597626,242371.33160964047,7605.855454311729,170.41326627122268,334.0038645274905,250,0.0013768376441959992
test-0002,test,lhs,1792,1338,373,326,1483,3520,220896.12715910046,220940.36758030433,7192.882008200153,161.16037496163824,315.8685307998022,250,0.0014299414610030618
test-0003,test,lhs,2062,101,1678,1203,499,3481,231723.57076205194,231828.33282536286,6983.896027488787,156.47793210010198,306.69111142745624,250,0.0013235214286525284
test-0004,test,lhs,1902,133,1322,1021,455,2931,206831.9443929643,206715.80772583053,6374.620541404263,142.82678841661394,279.93536144817773,250,0.001353443551815781
test-0005,test,lhs,1740,1213,1395,165,380,3153,206979.86967223324,206663.9434513887,6017.23451163559,134.81936295100664,264.2410959197415,250,0.0012766511851523788
test-0006,test,lhs,1985,187,860,230,1529,2806,202375.79276446163,202172.82550269755,6851.590874079033,153.51356425581304,300.8810572131457,250,0.001486744304262373
test-0007,test,lhs,1646,118,1072,577,1617,3384,206373.88049856675,206116.70180405598,6661.010915330161,149.24351817732506,292.5119206832729,250,0.001417388285652284
test-0008,test,dr-edge-haste,2034,366,3006,113,256,3741,211820.59578334165,211403.03851642422,6286.282773503116,140.8475334000583,276.0560928977888,250,0.0013032542556916879
test-0009,test,lhs,2262,845,232,1714,212,3003,230868.45001494486,230517.19325579773,7580.103242447657,169.83627416772734,332.87298078477437,250,0.0014418296686412823
test-0010,test,lhs,1906,1945,511,134,109,2699,197725.59207084318,197589.15290369513,6210.041436944248,139.13930540835818,272.70802755518923,250,0.0013792247361559579
test-0011,test,lhs,2196,2009,536,291,343,3179,229128.11517771048,228859.402742091,6882.999287053226,154.21728657547575,302.2603276154131,250,0.001319176074839099
test-0012,test,lhs,1907,944,337,911,1368,3560,232576.63699390672,232378.13355410384,7445.593132118484,166.82250308235885,326.96609799718544,250,0.0014058424019853363
test-0013,test,lhs,1799,714,915,1084,185,2898,210779.36846228287,210689.52769441402,6492.43432405834,145.46646933540757,285.10904098198426,250,0.001352642068633022
test-0014,test,lhs,1778,954,1458,496,547,3455,221367.94644625767,221064.62437602505,6640.580884101961,148.78577238232089,291.61475541059235,250,0.0013173305353916212
test-0015,test,lhs,1682,1618,264,15,730,2627,183992.45884898808,183693.94281743796,5874.865240830882,131.6295031646589,257.9890856199958,250,0.0014021720631047195
test-0016,test,dr-edge-mastery,1748,336,209,2593,105,3243,198306.9096048196,198204.1378397981,6517.450132824682,146.02696193297226,286.2075862872993,250,0.0014432557436230824
test-0017,test,lhs,1933,1620,562,879,408,3469,234542.38768948623,234316.2902024429,7176.895048395654,160.80217856224613,315.1664787572905,250,0.0013437506195022777
test-0018,test,lhs,1774,128,882,637,1389,3036,203377.71837088765,203047.10329873333,6497.392265272561,145.57755466451638,285.32676422634484,250,0.0014029401377490707
test-0019,test,lhs,1843,929,1274,79,380,2662,195347.53441121426,195377.6156260613,6049.170067304451,135.53489618515871,265.6435152890427,250,0.0013598508734174888
test-0020,test,lhs,1604,1054,1474,3,422,2953,191678.51945804217,191352.7613278439,5832.948414142992,130.69033420588536,256.1483482845857,250,0.0013363435246099957
test-0021,test,lhs,1891,1623,613,1298,318,3852,248842.20421398786,248642.79807056542,7418.439352955287,166.21410811264053,325.77366576763364,250,0.001309157611734904
test-0022,test,lhs,2271,413,181,1671,924,3189,234551.7056897811,234552.89339558233,7934.411828998489,177.77474786930668,348.43210333898537,250,0.0014855236388680237
test-0023,test,lhs,1620,248,1784,108,1514,3654,204674.42784625455,204436.8583291334,6107.800047862118,136.84853231041356,268.21819478447424,250,0.0013104626582171365
test-0024,test,dr-edge-versatility,1836,379,434,79,2883,3775,207139.02786132312,206898.11373297716,7149.000686946173,160.17719044963857,313.94152456527104,250,0.0015156077915720006
test-0025,test,lhs,2001,1379,268,513,1185,3345,228047.33504306004,227894.39639318857,7303.569373300565,163.64038467718225,320.72926052573257,250,0.0014064152973555788
test-0026,test,lhs,1926,863,98,1747,498,3206,218330.4555112718,218268.11372466493,7353.438909390256,164.75773835074665,322.91923348488314,250,0.0014790388850180899
test-0027,test,lhs,2232,994,273,353,1516,3136,228053.44665499695,227958.96881312772,7652.352935453149,171.45506724710134,336.04575692017653,250,0.001473539478789602
test-0028,test,lhs,2121,387,156,1186,2052,3781,240115.828793893,239908.80382694257,8153.953081527607,182.6936872508792,358.07304737327695,250,0.0014912513230464048
test-0029,test,lhs,2183,487,101,1515,671,2774,215999.7965345876,215809.85115121026,7325.297715353299,164.12721982177678,321.6834398759692,250,0.0014892765874640937
test-0030,test,lhs,1984,388,553,587,1526,3054,213579.82122795135,213449.84634145998,6950.840380432275,155.7373026183235,305.2395043166384,250,0.0014291589091221294
test-0031,test,lhs,1887,136,459,1940,211,2746,197609.45833645793,197529.20110199755,6679.721368424809,149.66273590298746,293.3335723276162,250,0.0014844105884252487
test-0032,test,dr-edge-crit,2206,2052,261,253,408,2974,218027.59430254376,217935.56991451234,6791.632353850809,152.17016148747769,298.24803616930984,250,0.0013679371050411583
test-0033,test,lhs,2169,1043,778,313,912,3046,230907.0166550366,231196.04702275715,7113.425961949933,159.380119677031,312.37929455713817,250,0.0013528358690971139
test-0034,test,lhs,1606,986,1998,354,31,3369,203753.0169462787,203609.42116728646,5968.3818474110785,133.7247928363681,262.09577791554506,250,0.0012863405992395635
test-0035,test,lhs,2219,6,2535,906,160,3607,229249.06204078166,228935.17387769851,6636.659934504102,148.69792140594228,291.4425706608073,250,0.0012712923144216045
test-0036,test,lhs,2239,2008,76,695,1072,3851,255384.9422345709,255263.06732530316,7711.587293512241,172.78224477406926,338.6469770752777,250,0.001326025622780182
test-0037,test,lhs,2247,2563,6,269,829,3667,235815.6145247284,235695.13562032115,7178.7636113920835,160.84404471725892,315.24853491332317,250,0.0013368433449527373
test-0038,test,lhs,1760,1995,449,836,604,3884,234440.01461879077,234393.25517986325,7033.056213668979,157.57939240891164,308.8499339640805,250,0.0013173942787296075
test-0039,test,lhs,2295,439,133,1533,1208,3313,240428.06094174925,240584.5750889063,8142.871525893007,182.44539905997127,357.5864114610951,250,0.001487290668403847
test-0040,test,dr-edge-haste,1672,410,2251,214,41,2916,184234.84606492394,183956.2361198663,5718.769386646821,128.13209192371525,251.1342855455821,250,0.0013631204460478824
test-0041,test,lhs,1830,362,1560,742,973,3637,225846.7958029371,225610.09660788407,6745.259692120799,151.13115715738334,296.21162510164106,250,0.0013115600070771024
test-0042,test,lhs,1678,1261,1237,1082,251,3831,237927.7479090118,237696.3904523243,6997.056664664048,156.772803226791,307.26904821610367,250,0.0012914384762453572
test-0043,test,lhs,1940,185,2287,228,477,3177,201262.91819517937,201135.2737549298,6113.037726707328,136.96588531101338,268.4482024392296,250,0.0013338184939706366
test-0044,test,lhs,1666,1889,258,1158,368,3673,220896.32449810416,220601.31082028407,6884.866791937223,154.25912902291262,302.34233730545066,250,0.001368706962383367
test-0045,test,lhs,1707,203,242,171,2203,2819,178380.701639629,178240.41177696432,6194.795118975394,138.79770348609063,272.0385000901984,250,0.0015250444559848195
test-0046,test,lhs,2071,18,876,837,949,2680,212007.5285965295,211823.66228083783,6838.755749757757,153.2259864190102,300.3174150100104,250,0.001416541275671125
test-0047,test,lhs,1638,392,1432,829,570,3223,203432.39211175943,203323.3239631274,6230.824205208293,139.60495446562842,273.6206829372785,250,0.0013450202305390962
test-0048,test,dr-edge-mastery,2044,413,476,2682,289,3860,237446.69560675827,237037.7574278449,7706.945666028286,172.67824662355136,338.4431444457135,250,0.001425343669579711
test-0049,test,lhs,2111,142,557,2194,686,3579,236674.13455791812,236770.1996117675,7701.577954774252,172.55798017716734,338.2074265421477,250,0.0014290003729130894
test-0050,test,lhs,2096,278,854,1901,379,3412,235845.66315658152,235672.6919499615,7372.013800731922,165.1739187427066,323.734932064558,250,0.0013726558620228918
test-0051,test,lhs,2178,154,1940,376,619,3089,215992.6913620532,215861.14869257857,6415.134949285976,143.73453543069286,281.71451290363484,250,0.0013042779879594017
test-0052,test,lhs,1980,540,9,1371,1337,3257,222112.0241301178,222015.80151391088,7394.709461496995,165.68242718128957,324.7315902904571,250,0.0014620171580635485
test-0053,test,lhs,1750,862,1133,1076,352,3423,227031.7141380126,226728.52442389715,7188.100659465587,161.0532462816451,315.65856244521126,250,0.0013903721056932265
test-0054,test,lhs,2016,217,1391,1050,165,2823,209290.67327025786,209284.71488336986,6341.23020811294,142.07866011043726,278.46905691160646,250,0.0013305373457899784
test-0055,test,lhs,1807,472,146,401,2245,3264,198855.70084823147,198769.02845907505,6768.734204506571,151.6571161837958,297.24248585121023,250,0.001494764719257752
test-0056,test,dr-edge-versatility,1953,613,64,207,2724,3608,209479.06270333557,209287.1352522125,7256.677899177566,162.5897560774706,318.6700663082572,250,0.0015212502013127586
test-0057,test,lhs,1965,1927,352,295,540,3114,213853.1373162795,213666.48830194533,6611.344622899132,148.13071828682027,290.33087297491653,250,0.0013576180205648785
test-0058,test,lhs,2204,1063,92,1553,45,2753,220589.53915306626,220473.1891414147,7245.253167333178,162.3337788397266,318.1683601411945,250,0.0014423547071305983
test-0059,test,lhs,2127,927,1857,908,180,3872,254971.08752380885,254774.46628045096,7480.449839899516,167.6034862945838,328.4967969663553,250,0.0012883688113683898
test-0060,test,lhs,2212,927,1056,633,122,2738,222287.53302518596,222234.8834001139,6986.384236101008,156.53368174711014,306.8003787277915,250,0.0013801960665649653
test-0061,test,lhs,1865,875,54,403,2288,3620,215215.16558124946,215011.76832285087,7429.589329983837,166.4639293215365,326.26330633986106,250,0.0015159865962916445
test-0062,test,lhs,2117,1443,192,830,472,2937,221166.96042001536,221209.15577920477,7099.796241161514,159.07473848067886,311.7807584104669,250,0.0014097076607571403
test-0063,test,lhs,1720,782,1192,17,704,2695,190190.56555209524,190058.32231708476,5890.965314270739,131.99023393565156,258.6961049395702,250,0.0013601942041058317
test-0064,test,dr-edge-crit,2114,3283,133,376,98,3890,225279.70102107452,225182.3268561885,6952.378460430015,155.77176412469527,305.30704762800997,250,0.0013552354972250651
test-0065,test,lhs,1871,835,398,1535,122,2890,210075.14248406203,209724.38291689783,6848.445057349884,153.4430805466333,300.7429116815954,250,0.0014315968473252953
test-0066,test,lhs,1960,1419,122,2055,91,3687,236692.96844553092,236624.25447985623,7572.285478379002,169.66111297542224,332.5296711562151,250,0.0014048988161333516
test-0067,test,lhs,2195,2284,180,792,470,3726,245917.01374651372,245876.1044273424,7413.367170268362,166.10046314213122,325.55092571831256,250,0.0013238243290229763
test-0068,test,lhs,1729,1720,510,56,1252,3538,216353.4421789874,216346.65555763987,6924.356125652571,155.1439087011133,304.0764736097457,250,0.0014054616859674723
test-0069,test,lhs,1851,134,143,400,2388,3065,190545.63978725532,190438.1628100236,6505.813299296286,145.76623244336508,285.6965658777352,250,0.0014993602907771395
test-0070,test,lhs,2224,829,987,278,1611,3705,253068.83371257348,252966.6810416354,8042.1123184283315,180.18783503524068,353.1616672778684,250,0.001395516239976736
test-0071,test,lhs,1915,388,199,1567,1249,3403,222678.38714221885,222744.73705818196,7638.155439285097,171.13696473918432,335.4222874609909,250,0.0015063082311924842
test-0072,test,dr-edge-haste,1695,337,2090,127,210,2764,180388.1070473626,180129.26751308521,5588.455728030576,125.21234458721308,245.41168591954434,250,0.0013604648883815227
test-0073,test,lhs,1665,465,1985,811,323,3584,211750.85409396995,211354.15194423276,6302.062629697046,141.20108953210038,276.7490501834118,250,0.0013069560043455467
test-0074,test,lhs,2162,774,2050,145,679,3648,237399.78633947953,237229.05740205845,7013.610785194766,157.14370716610895,307.99600657921314,250,0.001297372720204481
test-0075,test,lhs,1816,508,361,1928,58,2855,200839.83265595857,200719.89036655534,6540.751463553009,146.54904073156803,287.2308419300926,250,0.0014301487814029552
test-0076,test,lhs,1881,941,1522,303,21,2787,202930.94196330945,202860.55516104208,6061.607686540406,135.8135677075626,266.1897014367134,250,0.001311725549890964
test-0077,test,lhs,2188,1286,1121,40,153,2600,213928.20398208906,213988.29171962658,6287.466193472444,140.87404855848527,276.1080616533731,250,0.001290657596865956
test-0078,test,lhs,2027,386,1208,1549,175,3318,233539.49613102188,233541.2479309537,7413.475786832032,166.1028967544313,325.55569551077514,250,0.0013940070133924144
test-0079,test,lhs,2075,650,974,535,452,2611,208545.1472544031,208490.77509252276,6588.177553365743,147.61164768222716,289.3135132840296,250,0.00138729439209198
test-0080,test,dr-edge-mastery,1785,104,173,2858,245,3380,197754.45900196547,197568.63821006543,6466.049524883594,144.87530377430954,283.9503777728181,250,0.0014358734523907547
test-0081,test,lhs,2142,741,243,1521,215,2720,215327.10123001513,215092.06299837085,7067.840697723036,158.35875740984008,310.37746129738844,250,0.0014414231163862616
test-0082,test,lhs,2281,489,1875,683,148,3195,231790.45770291061,231457.24467730807,6793.193630801394,152.20514273400562,298.3165981526693,250,0.0012870098325403294
test-0083,test,lhs,1876,323,1236,1635,219,3413,226974.56701625322,226842.7758916919,6925.806427630795,155.17640349393093,304.14016223338155,250,0.001339974633420504
test-0084,test,lhs,2016,849,874,214,792,2729,207792.91195811934,207659.87919455048,6590.433373493763,147.66219054074523,289.41257546644465,250,0.0013927932995364911
test-0085,test,lhs,1784,954,305,113,1463,2835,194276.344721543,194269.56159405084,6542.014063434407,146.57732995834536,287.2862877957512,250,0.0014787507362644676
test-0086,test,lhs,2078,305,177,112,2119,2713,192341.73591124482,192509.4560719099,6667.796096480584,149.39554379614353,292.8098854210166,250,0.001522341908966301
test-0087,test,lhs,2094,1458,268,386,1039,3151,225033.97952865475,225045.53730322953,7121.8338347511635,159.56850257163865,312.7485182460362,250,0.0013897835291412615
test-0088,test,dr-edge-versatility,2289,487,293,62,2262,3104,215589.15866094525,215394.86192056787,7478.421598993543,167.55804247046066,328.4077287077147,250,0.0015233035406209733
test-0089,test,lhs,1741,518,1930,107,79,2634,182463.23988949484,182216.75990383828,5629.417298988062,126.13011052957111,247.21047411360092,250,0.001354850841535637
test-0090,test,lhs,1612,602,193,192,2746,3733,196400.85030359076,196394.4289426304,6778.397802221558,151.87363426784754,297.66685349814134,250,0.0015156087819274534
test-0091,test,lhs,2176,33,102,1323,2365,3823,236988.03726204697,236747.641055909,7869.50952992812,176.32057708739634,345.58198097780723,250,0.0014582254234026322
test-0092,test,lhs,2107,1773,488,586,429,3276,233067.76145469202,233062.3091275094,7120.131065066637,159.5303511046024,312.6737427446547,250,0.0013415572398048623
test-0093,test,lhs,2150,603,1393,177,451,2624,206438.60941323568,206457.5911771071,6220.915768001717,139.38295062159548,273.18556339835163,250,0.001323325923260344
test-0094,test,lhs,1686,1071,738,757,599,3165,213337.76154628728,213245.20018481498,6657.9487199938885,149.17490805025264,292.3774473051766,250,0.001370490836624534
test-0095,test,lhs,2298,168,1457,649,1384,3658,249860.16481219573,249612.76444449218,7490.359772269051,167.82552363854387,328.9319821639329,250,0.001316464280775491
test-0096,test,dr-edge-crit,2266,2468,591,310,200,3569,242033.6499970162,241756.45170760073,7099.189358150282,159.06114094167617,311.75410772373147,250,0.0012880610102255399
test-0097,test,lhs,1827,2607,211,281,116,3215,200156.52466607295,200130.37884639102,6074.077889369002,136.0929692828162,266.7373184616769,250,0.0013326436343091123
test-0098,test,lhs,1711,960,1355,217,910,3442,215282.34036323967,215027.75549050255,6573.322866240785,147.2788204588323,288.6611839128121,250,0.0013408493396428263
test-0099,test,lhs,2214,571,1167,700,434,2872,224020.50210826215,223862.71929573157,6750.006424539018,151.23751024026316,296.42007331382274,250,0.0013231827914151006
test-0100,test,lhs,2090,1792,1440,103,416,3751,247757.8941541857,247552.64836634122,6934.918904992705,155.38057343121068,304.54032795735304,250,0.0012291851648037913
test-0101,test,lhs,2022,769,984,433,1141,3327,232184.39425658277,232119.16772180639,7271.427067584541,162.92021909745768,319.31776192594134,250,0.0013752765897481855
test-0102,test,lhs,1632,380,1691,1741,3,3815,226537.8069615755,226278.16869728873,6809.44693695803,152.56930676611177,299.0303465403787,250,0.0013200019482447762
test-0103,test,lhs,2100,2376,338,505,143,3362,226211.94439186866,226060.91932016317,6863.894662286269,153.78923722231883,301.42136629924795,250,0.0013324732569253437
test-0104,test,dr-edge-haste,1697,473,2194,213,219,3099,191123.97338367708,191012.21565598005,5586.767221600756,125.17451269604001,245.33753677534523,250,0.0012836565315792992
test-0105,test,lhs,2006,354,1923,38,1379,3694,226265.98719706145,225879.98857696253,6953.299129841462,155.79239221610496,305.3474779442607,250,0.0013495067540943524
test-0106,test,lhs,1723,918,774,1102,1015,3809,239188.09898906588,239316.22851930588,7609.585507802239,170.49684011804405,334.1676662573825,250,0.0013970915261660175
test-0107,test,lhs,1921,1562,81,773,592,3008,211748.82409969615,211632.32348102485,6780.426714706591,151.91909313905933,297.7559512485338,250,0.001406175229140085
test-0108,test,lhs,1942,12,1650,561,424,2647,193974.71100401093,194009.43601258795,5878.148131890964,131.70305809766043,258.133250639628,250,0.0013307572379076282
test-0109,test,lhs,1733,1671,1122,311,732,3836,234225.48577302514,233923.3246275468,6965.254588064352,156.0602606626946,305.8724904524038,250,0.001305889021610602
test-0110,test,lhs,1628,993,413,1057,458,2921,200119.4991719408,199980.27798182052,6668.286797195235,149.40653820854692,292.831434073368,250,0.001463282864913478
test-0111,test,lhs,2145,1408,86,638,955,3087,225885.93120510317,225908.26109461125,7198.588183362123,161.28822487321077,316.1191120220221,250,0.0013994634828983115
test-0112,test,dr-edge-mastery,2084,118,206,2444,373,3141,212032.40944869528,211544.66659490272,7077.658955118816,158.57874072689853,310.80862067621376,250,0.001465854307293617
test-0113,test,lhs,1955,1689,103,955,559,3306,223817.74866831244,223561.58855190818,7060.286405633368,158.18949944837863,310.0457217886802,250,0.0013852597643994428
test-0114,test,lhs,1928,12,334,13,3137,3496,194404.33129741685,194109.97033556213,6547.377251722106,146.6974950652455,287.52180707757833,250,0.0014789886889798878
test-0115,test,lhs,1754,488,584,801,1029,2902,202667.47994864488,202713.6763676373,6592.2677252761605,147.7032901751791,289.4931292697485,250,0.0014284143136486667
test-0116,test,lhs,1968,146,1028,914,752,2840,212102.47213445048,211890.98152169847,6889.276514647045,154.35793122272372,302.5359860587596,250,0.0014263670904645744
test-0117,test,lhs,2047,610,554,1397,873,3434,239210.72510544915,239152.5711437946,7816.14699487672,175.12496090072975,343.2386163115688,250,0.0014348797118534796
test-0118,test,lhs,1821,204,115,102,2365,2786,178997.71402873678,178934.35437183862,6332.329058400188,141.8792250823551,278.07817143913644,250,0.001553529177442417
test-0119,test,lhs,2235,165,418,1810,275,2668,213142.39903040213,212938.30823321745,6923.939969818186,155.1345845066895,304.05819852448207,250,0.0014265495739358358
test-0120,test,dr-edge-versatility,1847,178,184,115,2211,2688,179530.0361776897,179393.39903677464,6315.10582965186,141.49332941494862,277.3218298288944,250,0.0015447099311806263
test-0121,test,lhs,1769,1083,172,1285,422,2962,205715.6954036972,205699.4389364246,6769.126600007017,151.6659080152082,297.2597175241443,250,0.001445002613635293
test-0122,test,lhs,1649,330,662,1013,841,2846,196625.34536181996,196568.20627006746,6345.967519562381,142.1848021114643,278.6770914109587,250,0.001417299946241169
test-0123,test,lhs,2010,1296,703,256,980,3235,227758.4799662554,227493.71992039762,6939.145928295328,155.47528215292274,304.72595364101284,250,0.001337934612516561
test-0124,test,lhs,1616,419,78,2616,340,3453,196502.84501331078,196171.04047284045,6579.222630255253,147.41100783235976,288.92026640425166,250,0.0014703108567444949
test-0125,test,lhs,1949,448,446,276,2165,3335,211032.8662412547,210659.7894921208,7044.337986380133,157.8321665706856,309.34536221759936,250,0.0014658634350535377
test-0126,test,lhs,1838,912,988,467,1108,3475,228774.69349434713,228709.37939818506,7122.464084949999,159.58262366499847,312.7761950804561,250,0.0013671800420888098
test-0127,test,lhs,1894,1993,5,602,155,2755,196500.16915221437,196340.56678535475,6133.168084759613,137.41691676796202,269.3322078511354,250,0.0013706461883119469
test-0128,test,dr-edge-crit,1811,2984,120,225,225,3554,201780.6711199747,201659.07932553499,6192.190565058755,138.73934706020532,271.924123597146,250,0.0013476222578101419
test-0129,test,lhs,1974,223,612,837,1301,2973,212529.4303257771,212156.61398554582,7031.189936272103,157.53757746398136,308.7679781779653,250,0.001452824569776846
test-0130,test,lhs,1793,1048,1151,1478,86,3763,243145.86882884358,243146.0945695501,7430.260525010144,166.47896780569192,326.2927812272008,250,0.0013419630890660389
test-0131,test,lhs,1802,349,479,1559,1414,3801,233241.04286218272,232920.84540941752,7650.027398678737,171.40296234977032,335.9436331979443,250,0.0014403281218239381
test-0132,test,lhs,2055,2026,128,326,465,2945,209297.31726285402,209029.07054447572,6502.714861767911,145.69681029056198,285.5605009584516,250,0.0013643772633732307
test-0133,test,lhs,2168,68,817,407,2060,3352,225450.35790073892,225427.10544766558,7161.075010129567,160.4477221293499,314.4717569144174,250,0.0013948603135634531
test-0134,test,lhs,2137,740,250,1379,1180,3549,245395.20659631776,245188.92609207318,8215.519314245967,184.07311167888383,360.7766695727593,250,0.0014701862949028479
test-0135,test,lhs,1876,1233,82,1287,473,3075,215137.3286117596,214930.21750344863,7119.252826948099,159.51067370904275,312.6351757580311,250,0.0014531888899774234
test-0136,test,dr-edge-haste,2159,288,1924,237,354,2803,205240.53111974915,204999.22499516103,6213.4497668977365,139.21567086697004,272.85770110379775,250,0.0013294532986011269
test-0137,test,lhs,1860,1937,1105,165,587,3794,236496.8176076208,236339.2072129962,6849.770399232544,153.47277554156275,300.80111280220405,250,0.0012719034270527586
test-0138,test,lhs,1857,713,1216,228,1469,3626,229323.52823386726,229343.1524379715,7156.274531574908,160.3401648354888,314.26094849208164,250,0.0013703824937299676
test-0139,test,lhs,2042,2122,945,420,231,3718,244109.85383052425,244205.84667733335,7233.809335646324,162.07737365977943,317.66581522282576,250,0.0013013231962498673
test-0140,test,lhs,1717,827,953,1253,93,3126,215112.15065818906,215057.06509239238,6662.911564702432,149.28610324477876,292.59538588179834,250,0.001360199249491626
test-0141,test,lhs,2260,409,1713,171,698,2991,219375.67208049577,219382.97158102173,6825.152861991345,152.92120643089186,299.7200572098251,250,0.001366241089394126
test-0142,test,lhs,1702,498,822,1677,33,3030,206644.03406280387,206425.20016358746,6644.25459091675,148.86808375168516,291.776082730136,250,0.0014119743841308216
test-0143,test,lhs,2029,251,878,1478,414,3021,221319.45077607429,221333.48887668055,7126.92766231088,159.68263250711905,312.97220880923487,250,0.001414119760878553
test-0144,test,dr-edge-mastery,2226,71,282,2408,104,2865,210187.7669831256,210180.12085281132,7082.960176247288,158.6975174263974,311.04141872953727,250,0.0014798264579998534
test-0145,test,lhs,1688,264,490,1580,958,3292,209039.38896707463,208994.91128560444,6922.9290888711985,155.11193517749538,304.01380665496794,250,0.0014543374249092
test-0146,test,lhs,2253,475,45,117,2651,3288,212380.7167287611,212354.57178336705,7234.190671106974,162.08591768507478,317.68256120469505,250,0.0014958164097845976
test-0147,test,lhs,1659,75,669,2304,547,3595,211057.68655201962,210808.5510407327,6800.166283990842,152.36136876429612,298.62279554562207,250,0.0014148870880948475
test-0148,test,lhs,2066,602,895,1675,61,3233,234349.95092953547,234397.19832828242,7168.313203464402,160.60989772886023,314.7896152487698,250,0.0013432459191912568
test-0149,test,lhs,2129,788,522,1110,850,3270,239664.65564613036,239454.14847463605,7844.925819423661,175.76976588288468,344.5024108542047,250,0.0014374351942944368
test-0150,test,lhs,1639,137,990,431,1959,3517,205473.2051861914,205119.69928418685,6774.29573537176,151.78172526240616,297.4867151575415,250,0.0014478126960056482
test-0151,test,lhs,1996,441,2111,638,343,3533,224809.09398401214,224637.769156051,6754.647261171434,151.34149067132867,296.6238712138984,250,0.0013194478299663158
test-0152,test,dr-edge-versatility,1625,156,168,346,1980,2650,172719.6343948993,172559.33289069834,5862.393148633427,131.3500592570838,257.44138562520675,250,0.0014905160407913034
test-0153,test,lhs,2155,261,2009,810,425,3505,232629.6423937067,232594.78413906836,7059.340261493769,158.16830058203664,310.00417277411844,250,0.0013326082161509824
test-0154,test,lhs,1657,1696,1633,332,237,3898,230211.1699837763,230060.17845400426,6554.017350452867,146.84627003472391,287.8134006596863,250,0.0012502147514387308
test-0155,test,lhs,1917,319,1354,714,497,2884,205623.39291741003,205482.64625480128,6527.055702482614,146.2421798673173,286.62940568762974,250,0.0013939532930611464
test-0156,test,lhs,1764,1734,59,1682,284,3759,229245.0893245939,228937.24253107354,7397.209807164138,165.73844876551564,324.84139057794573,250,0.0014170047940176142
test-0157,test,lhs,2251,120,33,1706,1127,2986,221086.6145117225,220963.17917573042,7344.0254099261865,164.5468238519962,322.5058486633317,250,0.0014587307756084515
test-0158,test,lhs,2275,602,142,1113,1531,3388,241562.80986622148,241534.98770434398,8245.42210529798,184.74309973274708,362.08982202898545,250,0.0014989468876832172
test-0159,test,lhs,2058,538,1974,157,392,3061,210120.15668430654,209999.6773491843,6191.926431672047,138.73342901016736,271.91252443220776,250,0.0012940811044641505
test-extra-0000,test,outside-primary-low-extreme-crit,1459,2749,74,74,74,2971,170144.8283951663,169971.7833697789,5181.892479049304,116.1030771785796,227.55784986516383,250,0.0013374361831125078
test-extra-0001,test,outside-primary-high,2502,66,956,281,1325,2628,222759.98583399775,222641.07872733535,7313.191658892139,163.85597714097605,321.151813990294,250,0.001441694354522084
test-extra-0002,test,outside-budget-low,2170,398,1658,287,36,2379,197804.2134453099,197890.87211128412,5999.106886460239,134.41320379712465,263.4450386057886,250,0.0013318474567207716
test-extra-0003,test,outside-budget-high,2261,136,3241,429,429,4235,236144.31472767654,235763.972635848,6787.9032306018335,152.08660848321628,298.0842752900848,250,0.0012622970645464742
test-extra-0004,test,outside-primary-low,1412,171,2030,1202,182,3585,195536.5613674584,195187.7349914241,5945.5382803463,133.2129704778998,261.0926245260202,250,0.001335262432253612
test-extra-0005,test,outside-primary-high-extreme-haste,2501,86,3210,86,86,3468,217393.895486604,217037.00200031648,6397.4136431824945,143.3374800733005,280.93629870293216,250,0.0012922915709022
test-extra-0006,test,outside-budget-low,2033,174,1504,581,30,2289,190528.5554057713,190215.96572862516,5804.06184380048,130.04311512145608,254.87982218843504,250,0.001337751297413734
test-extra-0007,test,outside-budget-high,2052,1260,2586,74,360,4280,248416.3977555802,248226.3017663103,7288.791636409725,163.3092815650087,320.08031035041563,250,0.0012884830198099338
test-extra-0008,test,outside-primary-low,1369,875,158,679,1273,2985,181630.73272858543,181590.7034956907,6309.636650700075,141.3707895304354,277.08165606847234,250,0.0015255218756537266
test-extra-0009,test,outside-primary-high,2546,63,315,2996,365,3739,249928.87132517606,249838.83813947107,8185.980710554323,183.41128343794213,359.479510055987,250,0.0014383272654733732
test-extra-0010,test,outside-budget-low-extreme-mastery,1887,62,62,2295,62,2481,182212.23224034318,182058.43315478336,6380.86095187893,142.9666081565826,280.20940310296555,250,0.001537818837175329
test-extra-0011,test,outside-budget-high,2152,1636,40,129,2467,4272,250281.38562040663,250052.7926632178,8258.061759501945,185.02629795684894,362.6448803489568,250,0.0014489486681161664
test-extra-0012,test,outside-primary-low,1387,0,1090,8,1822,2920,172592.67862420398,172616.85795832056,5432.750987692346,121.7236964615235,238.57406123542856,250,0.0013822953739242303
test-extra-0013,test,outside-primary-high,2399,1534,93,19,2157,3803,250020.3122647401,249660.44343900777,8143.973386279435,182.47008683224803,357.6347986056375,250,0.0014304229739020053
test-extra-0014,test,outside-budget-low,1830,193,8,1235,997,2433,186022.83125811833,185908.1596508371,6294.1250767049805,141.02324440478972,276.4004801389024,250,0.001485841701631664
test-extra-0015,test,outside-budget-high-extreme-versatility,1929,104,104,104,3859,4171,200748.13835407863,200580.8341226002,7114.665123997512,159.40788376658486,312.43371117275143,250,0.0015563467424125363
test-extra-0016,test,outside-primary-low,1511,314,337,555,1398,2604,174525.15527840063,174308.8656811165,5848.189071914032,131.03180930838846,256.8176271874056,250,0.001471522124004032
test-extra-0017,test,outside-primary-high,2543,131,550,1536,598,2815,237381.54516665175,237397.45917223743,7860.913900439944,176.12798740362754,345.20451213365914,250,0.0014542179843479877
test-extra-0018,test,outside-budget-low,2205,849,649,816,38,2352,213857.25200451087,213746.70914491452,6995.24918176737,156.73230560413666,307.1896743342065,250,0.001436423929770345
test-extra-0019,test,outside-budget-high,2280,1108,690,986,1609,4393,293341.03018611716,293173.61512251,9401.719935567773,210.65057210351077,412.86753482865794,250,0.0014074660287608056
test-extra-0020,test,outside-primary-low-extreme-crit,1490,2671,72,72,72,2887,170371.19662393053,170255.80725575326,5342.30416699594,119.69718698717051,234.60217564960683,250,0.001377006091983123
test-extra-0021,test,outside-primary-high,2417,576,1133,950,430,3089,244615.3946022665,244583.40676685172,7376.802777233938,165.28121832691605,323.94523538525783,250,0.0013243043673190646
test-extra-0022,test,outside-budget-low,1918,792,466,1006,55,2319,196509.65518970313,196426.85528880073,6406.391930816252,143.53864341782918,281.3305716133928,250,0.0014316373988942513
test-extra-0023,test,outside-budget-high,1717,1411,56,2764,62,4293,232778.27419562836,232619.2096149876,7448.666651641447,166.89136693390094,327.10106866610454,250,0.001405204458175537
test-extra-0024,test,outside-primary-low,1473,1272,255,889,763,3179,197036.64357122662,196982.86656429662,6385.673911374919,143.07444509262083,280.4207596138973,250,0.0014231909076979797
test-extra-0025,test,outside-primary-high-extreme-haste,2408,67,2479,67,67,2680,201368.1785591273,201173.62521317703,5981.225473748043,134.01256116538732,262.65979347656406,250,0.0013043758718780875
test-extra-0026,test,outside-budget-low,2284,302,77,1025,803,2207,201628.95640940176,201449.4392685995,6843.33202974659,153.32852042389018,300.51837796685487,250,0.0014904524792394452
test-extra-0027,test,outside-budget-high,1858,452,1483,854,1403,4192,249703.76562128204,249394.38757633572,7511.4741577549485,168.29860275733276,329.8592001990081,250,0.0013210021057483584
test-extra-0028,test,outside-primary-low,1517,654,1086,709,513,2962,192437.53341422687,192241.3082794568,6049.711367382213,135.54702430340112,265.66728596400856,250,0.0013805377841346195
test-extra-0029,test,outside-primary-high,2497,1822,1039,91,204,3156,247110.53063185167,246968.52809715807,7140.462190331409,159.98588085850733,313.5665646565905,250,0.0012689324241051704
test-extra-0030,test,outside-budget-low-extreme-mastery,1721,61,61,2294,61,2477,174375.73659621776,174290.68295929593,5897.1971013818875,132.12986046454066,258.9697679076005,250,0.0014851250120151039
test-extra-0031,test,outside-budget-high,1890,311,2063,100,1707,4181,234498.0329872841,234305.28462721416,7120.838909584744,159.54621074025644,312.7048270593583,250,0.0013335072498297461
